team,power_score,power_logit,avg_raw_performance,games,avg_adj_performance,power_rank,waa,waa_rank,power_z,waa_z,hybrid_score,hybrid_rank,sos,sos_rank
Indiana,0.9511606159640907,2.969145902654391,0.9132622512640896,13,76.33621173093174,1,8.240459406425117,1,1.8096388742289706,2.599427931567292,100.0,1,0.6338814928019321,38
Georgia,0.9195183110346985,2.4358202656869756,0.8510407775154802,13,73.29572804655665,8,7.555203770429665,2,1.682281143773751,2.3797881310124955,96.11496089172495,2,0.658092597725359,24
Ohio State,0.9491202750299825,2.9260710157293723,0.8824951862153458,13,77.51633277968291,2,6.973336379970956,3,1.8014266661959986,2.1932865819897907,95.36083219011977,3,0.6133335676900735,55
Oregon,0.9380859804234869,2.718094966819484,0.8571193277414734,12,74.27204545710948,3,6.604725576079788,5,1.7570145185539923,2.0751385519755776,93.54078279148493,4,0.6337271313399824,39
BYU,0.9237967383635279,2.495087801911663,0.7764064804391869,13,70.54605706914487,7,6.695441483444764,4,1.6995014694021524,2.1042150349027797,93.22240250916359,5,0.6688801141111357,19
North Dakota State,0.9251920826288543,2.515077646263934,0.8627365841068602,13,71.52940364601372,6,6.533354543372328,6,1.7051176177589873,2.0522625352515647,92.70361340887965,6,0.5794888110286406,86
Texas Tech,0.9279863266680703,2.55616099010992,0.877545624429591,13,72.71557122122863,4,6.3303189832498825,7,1.7163642251084417,1.987185084460454,92.1009147919946,7,0.5638706910192217,99
Montana State,0.9251948960639029,2.5151182966737173,0.85088495075615,11,73.61405727631023,5,6.157440200357732,10,1.7051289416086048,1.9317735571412686,91.35472658218212,8,0.650676381850703,27
Oklahoma,0.893094730052912,2.122749541206034,0.7649991922961471,12,69.9369542556445,10,6.327285581229976,8,1.5759283571531375,1.986212811078584,90.5176869294668,9,0.693940465102498,8
Texas A&M,0.8896908869730378,2.087587541171541,0.8292939551600172,12,68.74228392470856,12,6.246719810468459,9,1.5622281627315926,1.96038967458457,90.07517748033816,10,0.6038933175390382,65
Ole Miss,0.862564791117944,1.836757668298201,0.8276705357039654,12,68.3153587490926,20,6.155135481462486,11,1.4530478102912614,1.9310348430440816,88.52411570168236,11,0.5962612901218739,70
Tulane,0.8707414662327396,1.9075305722313123,0.7714910400567143,13,66.20842508881498,17,6.017884232119975,12,1.4859582694886482,1.8870427392977276,88.40004386079224,12,0.6167603255476904,52
James Madison,0.883326115026211,2.0243117235050168,0.8482421059377011,13,67.23386139039232,14,5.754613306206134,14,1.5366104679453967,1.8026585027848938,88.02237464029876,13,0.5195856389389334,129
Utah,0.9092294946925151,2.3042631302984184,0.7793596025610184,12,68.87367227410259,9,5.210435931349567,18,1.6408694861421393,1.6282374490911125,87.23682942034067,14,0.6008696609457973,67
Montana,0.845577096867781,1.7003243861842416,0.8226659935608596,12,67.11775618666076,24,5.9816150263606485,13,1.3846737082719651,1.8754176453899813,87.1358895465427,15,0.5818012521967207,85
Notre Dame,0.8929060029207684,2.1207743892466464,0.7910729082793694,12,69.0327763074588,11,5.356262102419796,17,1.5751687456368855,1.6749780075733594,87.02454823077433,16,0.6130218418683163,58
North Texas,0.8764732899171721,1.9594488216703474,0.7758868434917473,13,66.66339558247674,15,5.506971467041054,15,1.5090283984646418,1.7232837391111484,86.82486906009196,17,0.5774593436185426,89
South Dakota,0.8845930853871181,2.036663477814053,0.6834074780175178,12,66.76971647789074,13,5.39082251674934,16,1.5417099216697454,1.6860553955023256,86.7739621414308,18,0.6992352097291117,7
Tarleton State,0.8697105743336653,1.8984021560335906,0.813397368708172,11,66.27933259417244,18,5.10655872027833,20,1.4818090125712475,1.5949424731384794,85.08318745662552,19,0.5551417018434845,109
Alabama,0.8363105112821031,1.6310286974286614,0.7099040108244464,13,64.6034070213221,27,5.201701520888945,19,1.3473764471560485,1.6254378746392397,83.91949056968966,20,0.6309001169914574,40
Miami,0.8521511363420589,1.7515733406779683,0.8022001264839839,12,67.56624429038521,22,5.001017236460326,21,1.4111336880122314,1.5611140604434577,83.91314712518259,21,0.5834181030383604,83
USC,0.863405489841622,1.8438676843483135,0.7195311250752416,12,66.60807023197792,19,4.8080682547233655,23,1.456431554986319,1.4992695842511623,83.72788867756492,22,0.6506723545602805,28
Vanderbilt,0.8255590697341171,1.5544746412798331,0.7564275485149392,12,64.06856257606671,31,4.943463086393952,22,1.3041027603077324,1.542666664497103,82.50827201496087,23,0.5786219238661626,87
South Florida,0.8717796979788403,1.916786858009467,0.7237795460314825,12,65.46923413374212,16,4.35751076601135,26,1.490137068699546,1.354855803815165,82.48838145520692,24,0.6131258971676125,56
Michigan,0.8484518517369148,1.7225099531344967,0.6969245224216545,12,64.65755388607938,23,4.609084674023168,24,1.3962443652315308,1.4354908837444793,82.33994701021038,25,0.6340903895019306,37
Illinois State,0.8540403853003264,1.7666485104510823,0.6756270085785063,14,62.63171081884866,21,4.342100970035487,28,1.4187377630038212,1.3499166185871414,81.63368366573793,26,0.5958643550025348,72
Arizona,0.8277911733633527,1.5700530677605296,0.7072502527896997,12,64.21015614910185,28,4.431476319676868,25,1.3130867977536345,1.3785634226973063,80.77153292749459,27,0.6192896933064057,51
Texas,0.8255688585386295,1.554542615262944,0.6832979875767143,12,63.183439082545796,30,4.34778455013405,27,1.304142159457995,1.3517383334825936,80.37104941435382,28,0.6123153791778375,59
TCU,0.8424396886749486,1.6764937595065947,0.639791432185094,12,63.36966927786062,26,4.013861019800057,33,1.3720458928254489,1.244708352625058,79.93298577391072,29,0.6678217516500048,21
Iowa State,0.8265872160788332,1.561630649625591,0.6405422094671548,12,63.24883755892699,29,4.032240223644925,32,1.3082409665898307,1.2505992996742983,79.28457172496924,30,0.6693533519704102,17
Virginia,0.7861146761071924,1.301662678409669,0.710531032966183,13,61.712818642344786,47,4.316106338765167,29,1.1453422508341913,1.3415847562458494,78.4794195282937,31,0.5627774106742436,101
Navy,0.7997339672693204,1.384632485133106,0.734318590306459,11,61.770848756880106,38,4.1311818969424206,31,1.2001588015465343,1.2823123250740107,78.42953078759705,32,0.5573801724493109,106
Villanova,0.8040615405517907,1.4118751817039414,0.7625888969917659,12,61.0225744035238,35,3.795286508242251,36,1.2175769356825876,1.1746503193843987,77.41914616253294,33,0.48294054235352085,162
Houston,0.8080594622347996,1.437450022766581,0.697312093401068,12,61.27341579091293,34,3.726197091100518,39,1.2336682486644297,1.15250561162229,77.35137139943676,34,0.5605164242583766,104
Arizona State,0.7541206764735876,1.1207115427747143,0.5982917726149165,12,60.26991313099768,60,4.246921368534043,30,1.0165689775023834,1.3194094215754835,76.7893750956398,35,0.687243447377837,13
UC Davis,0.7911437932639911,1.331833728794364,0.6737390547978376,11,61.31046699924134,45,3.766208352447737,37,1.1655840425972286,1.165330118274443,76.73267508562122,36,0.6151098502225216,53
UNLV,0.7875012970035624,1.309929132887414,0.7019936140579607,13,60.15523767117755,46,3.7584774916097503,38,1.1509232883331195,1.162852203984682,76.54078784826325,37,0.5198828839699808,128
Lehigh,0.8123927452659897,1.46563319254944,0.8417350669755183,11,62.45258809932874,33,3.3766030825466515,43,1.2511093640795032,1.040452891030828,76.29208493956757,38,0.39787300750424104,210
Boise State,0.7722717968836406,1.2211837303121802,0.6475915567234531,13,60.19440560016662,55,3.851834167975371,34,1.0896257761711952,1.1927751126049329,76.18951283656149,39,0.6039872436904131,64
Georgia Tech,0.7750838748210884,1.2372436933497868,0.6887321496835361,12,60.399113595486405,53,3.8131245252386776,35,1.100944163525584,1.1803678039107344,76.17732110142526,40,0.5677603771032232,97
Illinois,0.7779178581320878,1.2535736159471949,0.6330338117250935,12,61.43155147904878,50,3.563331157155763,40,1.112350718245357,1.1003034269633751,75.40861729057461,41,0.630277596429647,43
North Dakota,0.8438794573596775,1.6873812432659243,0.5978024263876811,14,61.937658355406874,25,2.7073928375704757,60,1.3778408458946625,0.8259559981708777,75.3094495494241,42,0.621956631255034,49
Old Dominion,0.8255399188687086,1.5543416653438111,0.7242871894324573,12,62.29338221727068,32,2.9034182749449533,55,1.3040256796159142,0.8887865473951131,75.18646404367139,43,0.4919515229120795,145
Yale,0.7957454711823612,1.3599124684810826,0.7102995472732195,12,60.55926059060504,42,3.1669230167411024,48,1.1841054258301271,0.9732457271423532,74.78943626350193,44,0.5139102513950919,134
Washington,0.7785386828080602,1.2571707449220066,0.6414433265823708,12,61.464439824046906,49,3.3019097818414243,45,1.114849487596037,1.0165120129002256,74.49845201359477,45,0.6084924818201186,62
Iowa,0.791447444369555,1.3336724022284678,0.6549424775292344,12,62.13272540965641,44,3.043605164095377,51,1.1668062138562798,0.9337195895417388,74.15321068346512,46,0.586967097007948,79
New Mexico,0.7514962051699037,1.106608043140021,0.6654705483895227,12,58.37253619799986,62,3.5344232404398546,41,1.0060056917484572,1.0910377912963103,74.11422207533138,47,0.5445352700366545,120
Kennesaw State,0.7545036920542268,1.122778263370559,0.6886388408777449,13,57.69201413853531,59,3.3794731360949553,42,1.0181105843855751,1.0413728075638973,73.69369336900067,48,0.49072870277653513,148
Tennessee,0.7713658322611356,1.216039546273038,0.6526244759412022,12,61.98627765350067,56,3.136412249642177,49,1.085979341486604,0.9634663419780898,73.58130960100289,49,0.5947010208035148,74
Harvard,0.8022701462717973,1.4005436679090548,0.760867774835992,11,59.94628801675972,36,2.7247815893307528,59,1.2103667178947395,0.8315294831127069,73.49678440421471,50,0.4295255990300684,188
LSU,0.7580937405690579,1.142256752902064,0.5764794674908399,12,60.45493997199451,58,3.251961561714061,46,1.0325602406951666,1.0005024880885043,73.39788345540582,51,0.6876634634761718,10
Abilene Christian,0.773700302472399,1.2293243764586754,0.604981003215394,14,57.9288101803916,54,3.0202881056471558,53,1.0953753961856927,0.9262459493437238,73.26978392320984,52,0.5728777218319395,90
Stephen F. Austin,0.7637005883685574,1.1730761180446654,0.764484826384184,12,58.95430616409749,57,3.118591611514332,50,1.0551273517936,0.9577544277689156,73.17193436366995,53,0.42654930095952764,190
Southern Utah,0.8012604563895094,1.3941909168602207,0.6173805243042582,11,59.925031642032806,37,2.638105477685629,63,1.2063027973883562,0.8037478453200531,73.14023650873978,54,0.6034641343350572,66
San Diego State,0.7984536922704114,1.3766578025552887,0.7309368396889107,12,60.73716823609734,40,2.6693255919754457,61,1.195005797725117,0.8137545921685516,73.1257906346431,55,0.4724437993312871,168
East Carolina,0.7836076479268087,1.2868152412843439,0.6420524007932171,12,59.947090303163414,48,2.8313198835091002,57,1.1352516641985646,0.8656773958851246,73.03810983042237,56,0.5692766569590917,94
Duke,0.7277969400162966,0.9834737489115121,0.5740858923657678,13,57.28621344094967,67,3.3604918471399743,44,0.9106180570563898,1.035288878733033,72.42207344514496,57,0.6431147574723057,31
SMU,0.7755676674183011,1.2400209874552262,0.6556302960741204,12,59.53836923425485,52,2.6506485672979867,62,1.1028913897889532,0.8077681868628075,72.02743845072685,58,0.5542207139414989,111
South Dakota State,0.7244020788081991,0.9664035994360847,0.5794454149113691,12,60.67828035879913,68,3.2512538142098073,47,0.8969540139457961,1.000275639139715,71.87707490743547,59,0.6876044845174839,11
Memphis,0.7459440788585547,1.0770962313177712,0.6264397592812577,12,58.1080773861446,63,2.578252410632156,64,0.9836588302353034,0.7845635949182002,70.43268962807296,60,0.548187700886013,115
Drake,0.7920848018065668,1.3375381634950505,0.6119701733983428,11,57.47857198945464,43,1.9859579563763994,71,1.1693715262394235,0.5947199380857162,70.38643873883397,61,0.5441779960342181,121
Pittsburgh,0.7138324551242469,0.9140708175771998,0.6376312510433568,12,58.45133911309325,70,2.864380738114903,56,0.8544121293657164,0.8762741412898393,70.012428919663,62,0.5720317281762419,91
Louisville,0.698977875139676,0.8424353230052778,0.6569453452569843,12,59.597662849286486,75,3.021997210186067,52,0.7946236405713001,0.926793755681002,69.90865313935264,63,0.5851664341821723,81
Wake Forest,0.706106511377316,0.876548673985838,0.6350421525500355,12,58.12284138483946,73,2.8259649000206224,58,0.8233158276446675,0.8639610035731156,69.5264099863491,64,0.5688304083350518,96
Presbyterian,0.7775933383381465,1.2516961707142027,0.7469247082664199,10,57.49663205700066,51,1.8577626899815851,73,1.1110445521953052,0.5536304799857132,69.27335667810331,65,0.3857762689981585,219
West Georgia,0.7516277606903045,1.1073126165138745,0.6805885086304603,10,58.37662693863896,61,2.143401898860167,67,1.0065351921291812,0.645184252874548,69.12830387986601,66,0.5143401898860167,133
Western Michigan,0.7193837198976379,0.9414067160119072,0.6761679959280728,13,56.91764895560872,69,2.444659821201955,66,0.8767555232579349,0.7417441737317937,68.75637033951553,67,0.4957430631693811,141
Idaho State,0.7967684173160415,1.3662179383611186,0.4966754319059715,11,57.74581565553206,41,1.2630380108234311,91,1.1882227016813707,0.3630078815658456,68.00321472798144,68,0.6602761828021301,23
Rhode Island,0.7287846408987676,0.9884650828992437,0.7036387406971746,13,54.857945856912565,66,2.0949610778084446,68,0.914593473608402,0.6296578832751863,67.9250742083954,69,0.3919200829083419,215
Southern Illinois,0.7988599158838342,1.379184004881237,0.5720134787650809,11,57.854150328982705,39,1.1019810015793232,96,1.1966408150722505,0.31138549784485625,67.51949290036961,70,0.5547255455981204,110
Missouri,0.6451862796711062,0.5979461605032991,0.6310573818409979,12,57.45581795670554,88,2.940518423120964,54,0.5781167984898085,0.9006779769841525,67.19221199485114,71,0.5783765352600804,88
NC State,0.6756150943967154,0.7336927359343257,0.568350130253371,12,56.86939157385225,81,2.5549328347610967,65,0.7005903285484921,0.7770891478297038,67.17972493019724,72,0.6295777362300914,44
Army,0.739874500081116,1.0453163707775377,0.5526619194519907,11,56.864815318772685,64,1.7441044373149783,79,0.9592292641958293,0.5172004608282118,67.1657325168438,73,0.6131004033922708,57
Penn State,0.7348771819018707,1.0195102026559746,0.530710741308197,12,59.37841113670941,65,1.801591842447512,77,0.9391154607579482,0.5356264635262856,67.14683563345089,74,0.6501326535372928,29
Kansas State,0.7131066817054762,0.9105205995345065,0.5202299534885666,12,57.54052695546559,71,2.0237077804881265,70,0.8514909497725858,0.6068196033833737,66.96286740967098,75,0.6686423150406773,20
Youngstown State,0.6738439138544297,0.7256224436347065,0.5526586544713793,12,55.02047517040438,82,2.045955964531819,69,0.6934614694279156,0.6139506453615464,65.27338468417415,76,0.5871629970443182,78
Tennessee Tech,0.7127874465183897,0.9089607183823216,0.7265747045652998,9,55.44934501333386,72,1.5020528677449791,86,0.850206053839767,0.43961750394074334,65.07646042468731,77,0.3891169853049977,217
UConn,0.6817062193689127,0.7616240068829642,0.7072905314478747,12,55.340511535916185,78,1.8026435327918153,76,0.7251066162876187,0.5359635538694137,64.75453295999483,78,0.4002202943993179,208
Austin Peay,0.6964644509718675,0.8305180185124726,0.5861046869562274,10,55.95085216871756,76,1.5074800411835643,85,0.7845073106011008,0.4413570347508701,64.36036299051804,79,0.5507480041183566,112
Sacramento State,0.7037139350931186,0.8650465082592439,0.6208754526864804,11,55.2839667250958,74,1.3298308758167092,89,0.8136859006789707,0.38441649285628143,64.04953579755195,80,0.48453007961970085,160
San Diego,0.643200758105317,0.5892836205414236,0.6253816158999722,12,53.818934664728026,90,1.8992743554506686,72,0.5701252340019155,0.566935899810655,63.36610822228732,81,0.49160619628755575,147
Cincinnati,0.6451384682098938,0.5977373110604859,0.5797240725278282,12,56.570904891799294,89,1.8568118859751495,74,0.5779243612067678,0.5533257259765955,63.30104682732936,82,0.5714009904979291,92
Washington State,0.6781754063666047,0.7453993090849622,0.5190357524597584,12,55.20318262361641,80,1.3067369953669747,90,0.7108953781480724,0.37701438621231703,62.81580173454034,83,0.6088947496139147,61
Northwestern,0.6702579446792569,0.7093519320839236,0.5043028745919574,12,54.88828931769004,84,1.3686160176403328,87,0.6790282321321032,0.396848000701168,62.68107241684912,84,0.6140513348033609,54
UTSA,0.6843455737682425,0.7738149875376429,0.5188836226404078,12,55.451408099227,77,1.1819997101365343,95,0.7357298053035806,0.3370332886326358,62.64621722255034,85,0.5984999758447112,68
Dartmouth,0.654269828009222,0.6378612263437979,0.6547449384997416,10,54.225918192314126,86,1.5331821577729152,84,0.6146773494169347,0.44959513957626207,62.551155069916206,86,0.4533182157772915,178
Mercer,0.627853201273279,0.5230179865445717,0.6865785038413238,12,52.98786456175575,92,1.8158623715850069,75,0.5083525530760954,0.5402004881806287,62.37515765276191,87,0.40132186429875055,207
Clemson,0.6226317372418797,0.5007336970828721,0.5793111169227692,12,54.82787951908396,94,1.5757131829959174,82,0.48733658062476887,0.4632272870649888,61.27805540426138,88,0.5479760985829931,116
Toledo,0.6630588172334231,0.6769553167569446,0.6564983898673211,12,54.599170145439075,85,1.023061379035639,100,0.6500523236195848,0.28608998877520214,61.1165893956704,89,0.41858844825296987,193
Alabama State,0.6788238195187294,0.7483718019541786,0.7799459033978788,7,52.164982507443696,79,0.6978161390480322,106,0.7135051888946723,0.18184159461423982,60.65983621733205,90,0.24254516272114746,262
Hawai'i,0.5819121664704251,0.33062798111275005,0.6257698733801251,12,53.342176206551734,103,1.778977581806901,78,0.3234435857833604,0.5283780857882717,60.17252219646225,91,0.48158146515057504,164
New Hampshire,0.6471393271314405,0.6064883300455038,0.5870758937781827,13,51.50835060269448,87,0.8065471347720248,104,0.5859776573170824,0.2166923174109227,59.62221204318898,92,0.4466574719055404,180
California,0.6120390304589375,0.4558913151414447,0.5663562586833585,12,52.66104732561069,97,1.2315429822207768,93,0.44470178842921043,0.3529130185141822,59.56561358704162,93,0.519295248518398,131
Louisiana Tech,0.6257996858959518,0.5142390760694862,0.5836682125444349,12,53.176954161999625,93,1.0443001789360125,97,0.5000873189695763,0.29289750049652447,59.5137755167022,94,0.5036916815780011,137
Western Kentucky,0.5737650382204128,0.2972292237443473,0.602720645301618,12,51.274757394157035,107,1.5766503616498113,81,0.2906520503385024,0.4635276738430215,59.079307547025,95,0.4647208634708176,172
St. Thomas (MN),0.6708986742921489,0.7122524343288774,0.577626383798072,11,53.93080062399284,83,0.34739514727375587,121,0.6816071172517385,0.06952380735268897,59.04517270590427,96,0.4861268315703414,158
Ohio,0.6080133566255161,0.43896908367325566,0.6417118336239613,12,52.51381762633677,99,1.0348942398328926,98,0.42849877527572605,0.2898826860533879,58.678504547692114,97,0.41957451998607437,191
Troy,0.5776245855479095,0.3130296254035466,0.5643846092028437,13,50.59356822335298,105,1.342112348959442,88,0.30618641767714405,0.3883529804528706,58.41156504618946,98,0.4878547960738032,153
Pennsylvania,0.6132294322436808,0.4609074745830013,0.5915410192025019,10,52.67403398751433,96,0.8227234763830252,102,0.44949305979749565,0.22187719770743436,58.15215969200271,99,0.4822723476383025,163
Nebraska,0.5399253458003974,0.1600421134298025,0.563132521730829,12,52.732032164351274,119,1.6054859492977416,80,0.15445001210099787,0.472770126421571,57.65784799363931,100,0.5504571624414785,113
Kentucky,0.5679656588831773,0.27355587877001164,0.43499601165666735,12,52.8376797193323,110,1.2486143253644415,92,0.2673100152975236,0.35838476687540527,57.64076986327002,101,0.6873845271137036,12
Minnesota,0.5398476719260751,0.15972942808539942,0.5512640785870246,12,52.803798534233174,120,1.5427547858581285,83,0.15413738100881194,0.4526633815767342,57.429229438772374,102,0.5452295654881774,119
Missouri State,0.5780979550503325,0.31497016059955346,0.5584243993364603,12,51.42987515416923,104,1.0254710318413927,99,0.30809169182293805,0.2868623365442112,57.296591533223456,103,0.5021225859867827,139
Florida,0.5972327388627813,0.393948005431546,0.37892078193930906,12,53.0056854237184,100,0.7817393967552283,105,0.38510765651143597,0.20874088097755497,57.28421428292146,104,0.7318116163962691,3
South Carolina State,0.6086435344342667,0.4416139457022935,0.6665950916287987,11,49.622549046057316,98,0.5992789741605058,112,0.43103519023300557,0.15025822323241728,57.1436451333404,105,0.3272071794691369,244
Gardner-Webb,0.6380573867531724,0.5669425548721237,0.6173783494369165,11,50.73062582054851,91,0.20868120197748852,127,0.5494235782989182,0.0250628767471605,57.06743335283989,106,0.3826073819979536,223
Fresno State,0.5587364632118508,0.2360356326700247,0.6164142135211312,12,50.73726154127113,115,1.1983175318485415,94,0.2301632455773615,0.3422635164746988,57.04437270508972,107,0.4331931276540452,186
SE Louisiana,0.6190821423670492,0.48565421048585933,0.6225707403645176,11,52.10227149787213,95,0.44002436563784963,120,0.47304974696007035,0.09921354936769844,57.042542517048076,108,0.40363857869434994,205
Auburn,0.5946191962547568,0.38309431285594725,0.4624339991171283,12,53.79814117067183,101,0.6705039985324384,109,0.3745883578778896,0.17308744101015416,56.767257016168855,109,0.6392086665443698,35
Utah State,0.5845633376036917,0.34153497146339085,0.5101326375296041,12,51.66462552421842,102,0.5700813823012598,114,0.33411433620229064,0.1408997401849496,55.95372490610292,110,0.5475067818584384,117
Jacksonville State,0.5588155869678961,0.23635656245821768,0.5856885292670314,13,50.74018543302269,114,0.816791617009973,103,0.23048171232678177,0.2199759037359902,55.678786901663315,111,0.4474455090007672,179
Monmouth,0.5691849628213845,0.27852659785769357,0.6798095556723834,12,49.31417038261282,109,0.6843369325271946,107,0.2722176155071701,0.17752120660667103,55.670739171196004,112,0.30702807771059953,250
Mississippi State,0.5673828604099436,0.2711811819914523,0.46800772090379755,12,52.81561486200729,112,0.45177891040985174,119,0.26496429835214175,0.10298114460328452,54.75496759235086,113,0.6209815758674877,50
Northern Arizona,0.5506856358400002,0.20344132681895566,0.5162210802360565,10,52.5803195914671,116,0.6493811219697614,111,0.19775931341585745,0.16631708531854372,54.71164916277421,114,0.5649381121969761,98
Prairie View A&M,0.5728456114362884,0.2934707277778894,0.7441906819642001,10,49.08976487674913,108,0.30757791615429997,124,0.2869514315369608,0.05676149174033031,54.48365647850065,115,0.23075779161542997,264
Kansas,0.5677639186785569,0.27273377267502197,0.4643882623721698,12,52.83363338914302,111,0.31579119349173035,123,0.266498027211973,0.059394031338014706,54.28413126514443,116,0.6096492661243108,60
Florida International,0.5059134672695658,0.023654972043363292,0.540477591194619,12,49.759735536555034,129,0.96723917156418,101,0.01755493862669872,0.2681977192752967,53.83472420208476,117,0.49726993096368166,140
Georgia Southern,0.528850041360261,0.11552848911498248,0.4875433474788972,12,49.679506666447686,123,0.5553371226353394,115,0.1098728031794644,0.13617387427120703,53.39016977993428,118,0.5462780935529449,118
Texas State,0.5746601440440585,0.30089030178110165,0.5377022819169612,12,51.30636048004646,106,-0.11254018855630954,135,0.2942547792317088,-0.07789578341517042,53.057781812080705,119,0.4906216509536409,149
Baylor,0.498805762231968,-0.004776960156033957,0.42570890600679606,12,50.40196787870608,130,0.6509674450409988,110,-0.011053002051248961,0.16682553744163484,52.379446241500624,120,0.6375806204200832,36
Rutgers,0.5059402758722241,0.023762221523777962,0.4401471110447807,12,50.64810906553675,128,0.46486459594151275,118,0.017662841094577175,0.10717540030775839,52.033101005035576,121,0.6220720496617926,48
South Carolina,0.5215158816399503,0.08611670787292457,0.39625576827407044,12,52.080371083064044,126,0.2660988486486039,126,0.08035340063090927,0.04346652029377591,52.021699728291864,122,0.688841570720717,9
Southern Miss,0.4840620326514264,-0.06377347479887553,0.562742406086301,12,49.879378169076624,134,0.6724450360569519,108,-0.07039532689178425,0.17370958707121387,51.79211511509748,123,0.472703753004746,167
UT Rio Grande Valley,0.5438369614812302,0.1757992125531618,0.5600202330883176,7,48.69114413199035,117,-0.08227247219162659,133,0.17019395037084117,-0.06819430146248172,51.777396519880334,124,0.4168182182583391,195
Miami (OH),0.5298959325690168,0.11972654336268153,0.5402666588781048,13,49.71521732734589,122,0.02443694726126422,130,0.11408243111103994,-0.0339915392014989,51.5321026196432,125,0.46341822671240496,173
Western Carolina,0.534943665230245,0.1400028944248933,0.6224929146424439,11,48.916610272605844,121,-0.10388335410951399,134,0.13439914878104603,-0.07512107381563832,51.29907903718148,126,0.35419242235368054,234
Florida State,0.5219161357810028,0.08772075029303911,0.46432277530435545,12,51.2074750489673,125,0.05604354138351031,128,0.08196439133223452,-0.023860916898565232,51.28592802429351,127,0.5880036284486259,77
Central Michigan,0.5419637077499335,0.16825061763128832,0.5734980687587895,12,48.36644955542738,118,-0.2312900977563832,137,0.1626542548803554,-0.11595779268958585,51.1582133153639,128,0.3973924918536347,211
Temple,0.4864769685567959,-0.054105320838862436,0.4166901377961005,12,48.19047709763915,133,0.29550175870203854,125,-0.06067540425059286,0.05289081242744886,50.548234838318216,129,0.6079584798918366,63
Cal Poly,0.5610409904622209,0.24538793326662514,0.2755059147431512,9,47.27285469739141,113,-0.8227302347372485,157,0.23943878226896062,-0.30552762167445935,49.89545128283679,130,0.6863633072514169,14
Coastal Carolina,0.46755723481134237,-0.12995363995399756,0.4775880316322682,12,47.52744463656785,140,0.3159740544938493,122,-0.13682580972879058,0.05945264239048174,49.76911016680071,131,0.5263311712078208,125
Dayton,0.516083835072639,0.06435754460203688,0.5573747966273128,9,48.0332754827846,127,-0.3455547135493414,145,0.05848985042230171,-0.15258216482886486,49.58191995818999,132,0.40604947627229543,201
Lafayette,0.47889462071858424,-0.08447171008899215,0.6556246835443862,10,47.90180636566602,137,-0.022666367928691478,131,-0.09119374399706547,-0.04908920817398763,49.064762289578134,133,0.29773336320713084,251
Wisconsin,0.4282549179274546,-0.2889746104160302,0.33175024089096716,12,47.90864811371753,153,0.5807701572032938,113,-0.2950144717473493,0.14432573227365011,48.94825745305811,134,0.7150641797669413,5
Butler,0.5263640667182654,0.10555416203739357,0.4310033067140114,10,47.45153547866486,124,-0.7504784717393849,155,0.09986695534125287,-0.2823693111389609,48.59206718497559,135,0.5249521528260616,126
West Virginia,0.464247305746224,-0.14325526651807144,0.3435814575306757,12,47.413215416846135,141,0.02930253509455727,129,-0.15014800780007173,-0.03243200917336,48.59119767819839,136,0.6691085445912132,18
East Tennessee State,0.4961857022570745,-0.015257486948498732,0.588106981164195,12,48.52354889798233,131,-0.3958195568710159,146,-0.02159853256186104,-0.16869317447572887,48.50485637944926,137,0.38368170359408205,222
Weber State,0.47073879620027,-0.1171787116312735,0.34135182201516434,12,45.86741496378945,139,-0.17733822307026148,136,-0.12402028122187723,-0.0986650067960368,48.14217273556477,138,0.6518884814108115,26
Sacred Heart,0.41026711844859204,-0.3628612352773573,0.5952406141579192,9,46.647618199086736,161,0.5326049481010084,116,-0.36741391681380337,0.12888770248563064,47.964815225130835,139,0.392511660900112,214
Marshall,0.48110360611525216,-0.07562159257148278,0.4320846335356368,12,48.00576258389972,135,-0.5092953386301113,150,-0.08230275557646458,-0.20506470761483422,47.41798089643136,140,0.5408920551141574,122
Rice,0.38435500666924505,-0.4711038658368544,0.3997245542089145,12,46.30652978774688,173,0.49796689863720767,117,-0.4717080810626965,0.1177854307548997,46.67281852004922,141,0.624830574886434,46
Arkansas State,0.44059591538937737,-0.23874391875107898,0.4948798292622076,12,47.46090592747191,145,-0.27342631470944434,141,-0.24534295028861544,-0.1294633952728609,46.43900137285026,142,0.477214473774213,165
Michigan State,0.4388028605287352,-0.24602200369024782,0.3497308971012918,12,47.39755692877852,146,-0.3095279015978297,143,-0.2525598517799151,-0.14103476357303965,46.22864493975331,143,0.6408726748668475,34
Eastern Washington,0.4750513068801812,-0.09987771773908094,0.423429520790628,12,46.019275429883265,138,-0.7666642736144893,156,-0.10666277284873674,-0.2875572236622969,46.22164307363154,144,0.5194446438654593,130
Brown,0.4380414561045166,-0.24911452732437395,0.4948266480607746,10,46.44955346732321,148,-0.31876629448929106,144,-0.2556244433020379,-0.14399587569753866,46.16118021095866,145,0.4681233705510709,169
Colorado,0.44904629854932954,-0.20452478198169655,0.3151421717130944,12,48.65155949787513,143,-0.4789535507058432,149,-0.2113308382402032,-0.19533948406598856,46.08224726155137,146,0.7100872041078464,6
Florida Atlantic,0.4897114781895392,-0.04115989713341029,0.3940641187821849,12,48.30254234837839,132,-0.99129394645011,160,-0.0476567633241196,-0.3595560719003467,46.07617320131785,147,0.5840588377958241,82
North Carolina Central,0.4575386380498434,-0.17025552476326947,0.5949328057263422,10,46.092676545491116,142,-0.6792791209358138,154,-0.1771498552980913,-0.2595483223157021,45.74605065557527,148,0.3320720879064186,241
Lamar,0.39695038649532,-0.41818816929496855,0.47376080272097926,10,45.00340630801962,167,-0.06070479450956057,132,-0.42101269106345807,-0.06128137703590969,45.23555187134048,149,0.49392952054904393,142
Stanford,0.4256161561087038,-0.29975999231957884,0.3505064051491837,12,46.03906636847631,155,-0.4334907816948964,147,-0.3056352756741778,-0.1807676469387717,45.18954848788985,150,0.6305424348587587,42
UCLA,0.40933634687761006,-0.3667095584559085,0.26190051674499165,12,45.455477451637734,162,-0.2654487149890533,140,-0.3711601974693062,-0.12690639563732006,45.05896019268766,151,0.7278792737509122,4
Tulsa,0.4790935304707017,-0.08367466428773125,0.40671868592011234,12,47.93338994378746,136,-1.172646340557153,167,-0.09039314825501643,-0.41768358166382724,44.94688512148629,152,0.568946138286904,95
UAB,0.4034172851876451,-0.39124642547868105,0.3378962583992163,12,45.233153990867386,164,-0.23743019064045112,138,-0.39498394434680195,-0.11792583017166436,44.892773591565835,153,0.6468808174466291,30
Louisiana,0.42071935479900935,-0.31982107116204755,0.48374578657112505,12,45.86379176329881,158,-0.4787600083400324,148,-0.32534450680270827,-0.19527744939689193,44.806426788595466,154,0.46010333263833064,174
Central Connecticut,0.42691061617935533,-0.29446703572997956,0.5639630080384821,12,46.065365781535235,154,-0.5632646364019499,152,-0.30042517808075164,-0.2223630779981282,44.782172553336906,155,0.3697279469665042,230
UCF,0.39790380962955857,-0.41420692548689175,0.42544139696991395,12,46.810541233646624,166,-0.2500048668941709,139,-0.4171752396890692,-0.12195629594141466,44.599190616748956,156,0.5624995944254857,102
William & Mary,0.40402390009889877,-0.38872653055222534,0.5601801074696297,12,45.24028811767354,163,-0.5534725210773136,151,-0.3925423681553722,-0.21922448541466358,43.78595413631703,157,0.3705439565768905,229
Delaware,0.38053771975670087,-0.4872665073262991,0.47585588241127613,12,45.28124729994766,176,-0.2883845642684496,142,-0.48707235363269025,-0.13425784974679766,43.678881362895005,158,0.4759679529776291,166
Stony Brook,0.44254034178621693,-0.23085851059674833,0.530178344941783,12,46.62346117597087,144,-1.1273459491069895,164,-0.23751679054799937,-0.4031637901867176,43.462231484822034,159,0.4060545042410842,200
Duquesne,0.43066130079816384,-0.2791535743137433,0.570811660268572,10,44.07594500265178,152,-1.082910677711212,162,-0.2853289743822328,-0.3889212890903362,43.08638002008877,160,0.2917089322288788,254
Indiana State,0.4383484158764884,-0.24786763636975367,0.15990291887196734,10,44.36283357752198,147,-1.2410936272610158,168,-0.25438895492700925,-0.4396224722186116,42.865130913585425,161,0.7758906372738983,1
Jackson State,0.4215538100057634,-0.3163980934604029,0.683699578622791,10,43.741885061022295,157,-1.0732348070133673,161,-0.3219858917607294,-0.38581995551694437,42.710686409231144,162,0.19267651929866325,265
Morehead State,0.3829522645824502,-0.4770360420199238,0.43058522401776955,9,43.28670820521721,174,-0.6524328181576036,153,-0.4773540050554922,-0.2509434801544639,42.48125879766341,163,0.48306302020471076,161
Marist,0.40021682596996594,-0.40456174811849543,0.45240384395631933,11,44.133715469733936,165,-0.8780920179627508,158,-0.40786553509335605,-0.3232723148769358,42.44945762563907,164,0.4656279983670226,171
Air Force,0.4339005395868479,-0.26595445149917274,0.39950290563167007,12,46.3357848082016,150,-1.3973968699489014,175,-0.27229129898374727,-0.4897211671387406,42.10378055164052,165,0.5502169275042582,114
Richmond,0.42196681076828324,-0.31470462436537033,0.5704136946684886,12,44.111324735015785,156,-1.2786172329505034,169,-0.3203235969339723,-0.4516496294382139,41.992258308224,166,0.3101152305874581,247
Lindenwood,0.43721130234665356,-0.2524876350581528,0.4737998040158376,11,43.54555739043868,149,-1.6433760732694964,183,-0.25896574535845357,-0.5685630187339921,41.370249742064416,167,0.396056720611864,212
App State,0.39114602148877736,-0.4424975196394087,0.4392762587784052,12,45.674198264292926,170,-1.0854939307008844,163,-0.4443747930221021,-0.3897492796118734,41.29640762699114,168,0.49287550577492634,143
Purdue,0.3939886228439603,-0.43057672722751,0.238737932205502,12,46.66663250719108,169,-1.1702947850436294,166,-0.43293355136815587,-0.4169298553800097,41.12018755881414,169,0.7358087679130308,2
Eastern Kentucky,0.394175217543635,-0.4297952813806531,0.32935400026152845,10,42.7747857371194,168,-1.3618858073750544,174,-0.4321825227209517,-0.4783390751259134,40.44104888030617,170,0.5638114192624946,100
Long Island University,0.3737414868657022,-0.5161988993052692,0.560550930418891,10,41.997804681460934,177,-1.1304534617875581,165,-0.5144266439909349,-0.4041598176975167,40.35075339221934,171,0.2869546538212442,255
Delaware State,0.43106824475324484,-0.27749407081429306,0.5476158970656757,10,43.02443257364022,151,-1.9079073005604676,191,-0.28369105771790515,-0.653351210104796,40.144119274686574,172,0.3092092699439533,249
North Carolina,0.38168444031571686,-0.48240474676564704,0.3695301276872582,12,44.43484447631969,175,-1.311853141921734,172,-0.4824568956820604,-0.4623024836932454,40.05771727609736,173,0.5573455715065222,107
Liberty,0.41216341549238134,-0.3550290815148794,0.400191864505163,12,45.553543306526706,160,-1.7523350008987002,185,-0.35978147384528836,-0.6034867988184534,39.85048878640995,174,0.5206387499251083,127
Northern Colorado,0.41405080083878937,-0.34724442133051164,0.33292803726814235,10,41.36975108016906,159,-1.8845992417324597,189,-0.3521848997414314,-0.6458804544869071,39.46089517074704,175,0.5115400758267541,135
Idaho,0.3643480427235002,-0.5565416044307031,0.35205405778971927,12,43.78874827969174,179,-1.3079171694752016,171,-0.5522345005860296,-0.46104091624639076,39.29060090990844,176,0.5576735692103999,105
Maryland,0.3602358915909498,-0.5743404565163124,0.3866837238163898,12,46.29108536203194,180,-1.3141962097623412,173,-0.5687855779079602,-0.4630534894875279,39.08275934913437,177,0.5571503158531382,108
Northern Iowa,0.3534393590879247,-0.6039550662788363,0.2942632529953598,12,43.368572598946734,182,-1.5082455008355606,178,-0.5961410741804956,-0.5252506395003216,38.0801137912385,178,0.6243128749303698,47
Arkansas,0.3847143483259225,-0.46958552773384954,0.270662162186674,12,45.43474745633366,172,-1.9230601615617169,192,-0.47026175981793955,-0.658208041910804,38.00086640063613,179,0.673078319869857,16
Maine,0.3736918322909918,-0.516411050728397,0.4810005005933284,11,43.15433142301533,178,-1.8574234414835968,188,-0.514626499657453,-0.6371700009962088,37.73969699886408,180,0.3765978689560367,225
Syracuse,0.3266855236695509,-0.7232144890356653,0.28529086872006165,12,43.20893123100176,188,-1.2848105737779347,170,-0.70382310832623,-0.45363473408040894,37.67631172332162,181,0.6429324521851721,32
Incarnate Word,0.33985066035167993,-0.6639597947603849,0.435493632674323,12,42.84821873213022,184,-1.500378326151175,177,-0.6508344928410394,-0.5227290335654823,37.49598994401979,182,0.45830180615406885,176
Virginia Tech,0.2888006738776598,-0.9012159962898799,0.2763831469265086,12,43.42301641089549,200,-0.8817841191752158,159,-0.8563065793912699,-0.32445571612361934,37.41539138922304,183,0.6765179900687319,15
Elon,0.35805073891064415,-0.5838345628368216,0.47490958675782813,11,42.56283720509093,181,-1.7747379764469082,186,-0.5775806415634958,-0.6106674549455561,37.33157918014352,184,0.38411472941391744,221
Central Arkansas,0.3897156902086433,-0.4485074564008745,0.2529327297501508,10,40.48340125198696,171,-2.305322697892975,207,-0.4501317612974371,-0.7807317583591943,36.85445017849867,185,0.5694677302107025,93
Texas Southern,0.3267262441542506,-0.723029369963907,0.5650848961346874,9,41.12179015975584,187,-1.5320647504228124,179,-0.7036592116529009,-0.532885243221762,36.7908455314299,186,0.2742150277307986,259
Chattanooga,0.30611649086160003,-0.8183383735513948,0.44153311536087164,11,40.5151764785336,195,-1.5999671182467703,182,-0.7866118097790824,-0.5546494750538538,35.61841938044747,187,0.40000298925029365,209
Kent State,0.32309128430125506,-0.7396015301040395,0.4120189320872764,12,40.40646152576104,190,-1.9682239108524682,194,-0.718289632483696,-0.6726840365111509,35.06183168349051,188,0.41931467409562756,192
Towson,0.3264862433746631,-0.724120607003953,0.4952081814026587,12,40.52724495496513,189,-2.0178990359648177,197,-0.7046251954731048,-0.688606028245464,35.036555744594914,189,0.3318417470029318,242
Charleston Southern,0.32211620984080047,-0.7440634917421096,0.4199228762381355,12,40.36438010751802,191,-1.9980894920574341,196,-0.7222142287033915,-0.6822566251258841,34.91071507242777,190,0.41682587566188056,194
South Alabama,0.328506608908663,-0.7149472177407152,0.3736245889389033,12,42.39803517294148,185,-2.0950993715787503,199,-0.6964933868177509,-0.7133504672932006,34.85055811349402,191,0.49207505236843757,144
Wofford,0.3175966761580208,-0.7648386031566157,0.514498380742722,12,41.948532667689825,193,-1.9733258865175576,195,-0.7404049879998192,-0.6743193341411919,34.79591562336366,192,0.33555617612353683,239
New Mexico State,0.3183455099422518,-0.7613856144447215,0.3702459792627016,12,41.991919745480146,192,-2.129304163034849,202,-0.7373909922918369,-0.7243138701151598,34.26991408171012,193,0.4892246530804292,152
Nevada,0.29753974508081665,-0.859041010007166,0.2905183580333847,12,41.139021322911894,197,-1.892785049525555,190,-0.8211325212054271,-0.6485041894795329,34.181107856861495,194,0.5922679125395373,75
Nicholls,0.3404194144957311,-0.6614257270793998,0.39506628760733803,11,39.96974952418595,183,-2.4376267491136057,210,-0.6485453031901909,-0.8231381741495253,34.158191934445284,195,0.41476120462603583,197
Cornell,0.2665904283512879,-1.0119908021720876,0.3947505788563599,10,39.76071513936364,206,-1.658269975683865,184,-0.9457010299347389,-0.5733368485048664,33.628004587905636,196,0.4341730024316135,185
UT Martin,0.2588887197637441,-1.051752473828045,0.47945072210061135,10,39.443574341252194,209,-1.5702991262877501,181,-0.97669978708994,-0.5451402182240658,33.596631533285596,197,0.342970087371225,237
Wyoming,0.2960464173831025,-0.866196162688247,0.35113294557686664,12,41.076022217182036,198,-2.0992418491319693,200,-0.8271430449909472,-0.7146782242583368,33.3729181495178,198,0.4917298459056692,146
Furman,0.25220989343635014,-1.0868606811031631,0.4447207171407148,11,40.09229285660439,214,-1.5516554966707907,180,-1.0035815254797167,-0.5391645167842113,33.36256424493032,199,0.40439495484811,203
Mercyhurst,0.289401953816082,-0.8982903686134939,0.3689306226970821,11,37.87623569727396,199,-2.1412731028947336,203,-0.8538864760360754,-0.7281501837849605,32.92266029128162,200,0.4417024451913878,181
New Haven,0.26923575208472494,-0.9985035038736269,0.24663505128516655,5,33.510393018511266,202,-2.117469121967363,201,-0.9350538148294661,-0.7205204740114645,32.099321393622816,201,0.3765061756065274,226
Colgate,0.26190649575064334,-1.0360829624855927,0.46541251493996305,11,40.52348986643985,208,-2.059671216090416,198,-0.9645534816431222,-0.7019949488607572,31.976453172006927,202,0.3582117076281441,232
Georgetown,0.23438919903404654,-1.1836909704491043,0.49462916256759115,11,38.260807443339665,218,-1.8477646509684322,187,-1.0753083860632897,-0.634074142004448,31.496875857093826,203,0.28656684991196074,256
Ball State,0.2532986301614539,-1.081096183539258,0.3214648078870433,12,37.412545411925734,213,-2.1482723149429783,204,-0.9991994477934714,-0.7303935882278644,31.2705958211256,204,0.4876439737547518,154
Princeton,0.2249458800389632,-1.2370730190114647,0.26975220705088715,9,38.971216753707324,224,-1.954970113491521,193,-1.1133169849268107,-0.6684358971949038,30.686605954132194,205,0.5605588762787198,103
Valparaiso,0.2423128748051864,-1.1400407746224812,0.17861368345634254,8,35.99818800695405,216,-2.2344959922141197,206,-1.0434162288602284,-0.7580302106562575,30.466113778187754,206,0.595688000973235,73
San Jos√© State,0.2660321443619088,-1.014848089300423,0.29610413367774663,12,39.77237055720715,207,-2.5398546681021834,214,-0.9479480780557739,-0.8559045149986096,30.439174103521953,207,0.538345444324818,123
Holy Cross,0.3278935953483913,-0.7177275169160153,0.3267123037292042,12,39.68795788278038,186,-3.390546477970352,234,-0.6989607170564517,-1.1285703197557166,30.174066511100985,208,0.4674544601691372,170
Grambling,0.17144013881646067,-1.5754549258674904,0.49395036884746574,9,33.76402286451045,239,-1.4628458442493828,176,-1.3286732866762576,-0.5106990313207568,30.041489658576115,209,0.2819060173056241,257
Akron,0.24370838877628165,-1.132454648344887,0.42524081867277636,12,38.73583655365554,215,-2.490813385067249,212,-1.0377993974513333,-0.8401856838662002,29.60917506791566,210,0.375765551244396,227
Bowling Green,0.26683621752175096,-1.0107340655734427,0.37715814182461543,12,39.80233485626136,205,-2.8681528824975064,219,-0.9447117483071679,-0.9611314559307133,29.29727112809898,211,0.42765392645854106,189
Murray State,0.25735774068467293,-1.0597473432831621,0.16635615637887805,9,35.82689112994566,211,-2.7552303574404653,218,-0.9828618546548666,-0.9249372539733035,29.27537251393247,212,0.5827521825066149,84
Eastern Michigan,0.25584550702893966,-1.0676748909801779,0.37163311131545207,12,39.30383939783017,212,-2.740684776392264,217,-0.9889484733996753,-0.9202750690125926,29.259424328531093,213,0.438276268633978,184
Bethune-Cookman,0.21208721518207913,-1.312389822125742,0.3830073389776202,8,34.48226351921042,230,-2.1942134949929075,205,-1.1650720759832731,-0.7451187668230909,29.248594280693073,214,0.3507233131258865,236
Portland State,0.26786157112845527,-1.005499285136989,0.14635379123141334,11,36.95251761134162,203,-2.9461800944068433,222,-0.9405847825707802,-0.9861409273766764,29.063467299223507,215,0.6412563550539234,33
Middle Tennessee,0.279757441370971,-0.9456650953479624,0.3244947831292045,12,40.37847116806654,201,-3.115442082634365,228,-0.8927048623419194,-1.0403931908867685,28.99212153838516,216,0.4903798264471362,151
Oregon State,0.2234003202454759,-1.2459596847877277,0.2270102503582022,12,39.51567969357034,226,-2.432285012205409,209,-1.1195377386936622,-0.8214260276635964,28.90405577310429,217,0.6306429156495492,41
McNeese,0.2291837693684376,-1.2129258251242423,0.38389891635440576,11,36.92519233376285,220,-2.508139656509026,213,-1.0962598214829142,-0.8457391424646136,28.892465537544737,218,0.40835094031736124,199
Boston College,0.25855662464101686,-1.053484072874768,0.27060043093506303,12,41.200540673640155,210,-2.9216703618967044,220,-0.9780364432286178,-0.9782850083919924,28.732108705679828,219,0.5898608031752747,76
Buffalo,0.211559701464598,-1.3155494532170697,0.42634157204577455,12,38.903214225588336,231,-2.340786164016456,208,-1.1671952762366145,-0.7920985946421648,28.698829030661496,220,0.38826781966529533,218
North Alabama,0.2994744645039873,-0.8498016648547626,0.19277985014598176,11,38.318057649340716,196,-3.4450068568013323,237,-0.8133454312525152,-1.1460260926326502,28.6979596153495,221,0.5959084675635153,71
Colorado State,0.22125856177615696,-1.2583470953534455,0.22951301066750765,12,39.41106712018984,227,-2.464570958238559,211,-1.1281581441427713,-0.8317743974907817,28.691678372118236,222,0.6279524201467866,45
Southeast Missouri State,0.21840921879212674,-1.2749608523225795,0.34393251399514907,12,37.48522487145631,228,-2.7360438616813325,216,-1.139626520310195,-0.9187875517592391,27.589063618426707,223,0.4386630115265557,183
Utah Tech,0.23212404827577796,-1.1963562792953346,0.22917700235452196,12,38.18125965922959,219,-2.964254251970572,223,-1.0844254355435898,-0.9919341002510978,27.388143375029557,224,0.5863121456691189,80
Columbia,0.20382916496701728,-1.3625315633186972,0.2545414377330546,10,36.68643797106817,233,-2.679230792779551,215,-1.1983100634093589,-0.9005776889474345,27.13591390778029,225,0.5320769207220449,124
UL Monroe,0.23679042123934085,-1.1703572194980285,0.29072223862104773,12,36.63294748635255,217,-3.1566594607554914,230,-1.0656436599610868,-1.0536042850162823,26.907957978662548,226,0.4869450449370423,156
Sam Houston,0.31121622800885684,-0.7944394555062807,0.22359286088770722,12,35.499260748755326,194,-4.162425609861446,249,-0.7660857782386463,-1.3759748935753682,26.652543089488002,227,0.48646453251154625,157
Western Illinois,0.21524778068422723,-1.2935781909279755,0.32989539037648735,10,35.195294598656204,229,-2.98656513880635,225,-1.1523510542306907,-0.9990852398804602,26.547572142914497,228,0.4013434861193651,206
Merrimack,0.26764414595021313,-1.0066082506794904,0.3287057675915286,11,36.92033716194417,204,-3.6939921761498016,242,-0.9414599014126764,-1.2258314718373429,26.37005617517834,229,0.39145525671365444,216
UAlbany,0.22728563306857558,-1.2237019459749885,0.2695510620610601,11,36.95001931938722,223,-3.4314934113491846,235,-1.1038996673090804,-1.1416947302796705,25.49336315962082,230,0.5062278716955286,136
East Texas A&M,0.2285405663615982,-1.216570361376872,0.3142805556570052,11,35.097563126504916,221,-3.4545745026789216,238,-1.098848661814105,-1.1490927377238356,25.46708575547544,231,0.4132204997564617,198
Stonehill,0.22442153022190417,-1.2400830487664318,0.35776274257123547,12,35.9996093037002,225,-3.431619028235996,236,-1.1154274507356152,-1.141734993309285,25.363845486230844,232,0.38069841431366697,224
Wagner,0.2074778400346489,-1.3401959285078737,0.45434641293970773,12,36.90010202051024,232,-3.2792744637794966,232,-1.18362443994359,-1.0929051435493118,25.147007937122375,233,0.3100604613517086,248
Oklahoma State,0.19240013448020044,-1.4344894827274397,0.15870956673994577,12,37.86751562537504,235,-3.110788950541558,227,-1.2443109911974115,-1.0389017576885073,25.072182162877336,234,0.6574342541215368,25
The Citadel,0.16934343311281422,-1.5902876310235516,0.24733879744045395,10,34.71467187944857,240,-2.9721560916771503,224,-1.3371123583698272,-0.9944668171030324,24.53066401930197,235,0.502784390832285,138
Eastern Illinois,0.16626869368871286,-1.6123060593075524,0.30459523194797433,11,35.493003970473346,241,-2.941590983328903,221,-1.3494879370664028,-0.9846700143495715,24.50179163695009,236,0.4598553651519179,175
Georgia State,0.2273569059718834,-1.2232961708477275,0.18731529312084025,12,37.9425229312669,222,-3.824920187477586,246,-1.1036127996100145,-1.267796835979582,24.084715903176487,237,0.5979233177102011,69
Northern Illinois,0.19127731302588116,-1.4417317976256236,0.29577773713785865,12,36.02319836283814,236,-3.5440147378010503,241,-1.2488302571752734,-1.1777603390858604,23.466901160757114,238,0.45466543851657915,177
Howard,0.2007903237710428,-1.3813621363893847,0.37666368373530335,11,32.6692937762786,234,-3.7552407215000914,243,-1.2105411546271685,-1.2454630043317336,23.137582271767005,239,0.29497811622726444,253
Charlotte,0.14323087962888326,-1.7887106066879876,0.1185277726480279,12,33.8690073488094,243,-3.0408121132084625,226,-1.4422132843461404,-1.0164726118516119,23.107557118502296,240,0.6632656572326281,22
Bryant,0.15717951451356513,-1.6793654313927557,0.2581621797326835,9,32.74228192446623,242,-3.2527599101101727,231,-1.3860711516593573,-1.084406634418088,22.975533258823138,241,0.4163600099877586,196
Samford,0.1905909919036082,-1.446174633413122,0.15642462185514253,10,31.7271361941654,237,-3.8135913847462932,245,-1.2515926444505117,-1.264165700616775,22.468564975769244,242,0.5186408615253707,132
Stetson,0.12853064658330837,-1.9140133283021648,0.2298446305024097,10,31.86785087723431,246,-3.148014384452757,229,-1.501380539134466,-1.0508333441656388,22.060403017568955,243,0.48519856155472424,159
Florida A&M,0.12217779472660598,-1.9719667557631322,0.3879399214665308,10,30.290805569916756,250,-3.3187952811183097,233,-1.5269502565173578,-1.1055724518968741,21.161252740044358,244,0.26812047188816895,260
UTEP,0.17625729845671173,-1.541913375220478,0.24897849075284725,12,36.03663721506302,238,-4.1547088696859955,248,-1.3092846068568877,-1.3735015052746549,20.59849574120239,245,0.4871075941928337,155
Alcorn State,0.12647684147370108,-1.9324754215057571,0.4453461087423312,10,32.76601053372074,248,-3.5312527415920485,239,-1.5096469393900918,-1.1736698330691469,20.592554384443144,246,0.24687472584079515,261
Bucknell,0.12020651667935746,-1.990475965952341,0.36202491520446534,11,32.157725207397874,251,-3.539212321461179,240,-1.5348844919895837,-1.1762210569382014,20.28142685844268,247,0.31461706168534737,246
Arkansas-Pine Bluff,0.12940241833517682,-1.9062527806078355,0.2550264012740305,9,29.567598767252562,245,-3.8012106182897205,244,-1.4978717280020062,-1.2601973872861054,19.755615359315115,248,0.35542104241225325,233
Davidson,0.11034040724799156,-2.0872687108242385,0.17182560739951688,10,30.348505137886843,253,-4.095998917304767,247,-1.574594788328787,-1.3546836487635407,17.838728778092065,249,0.4904001082695233,150
Morgan State,0.13370008156223337,-1.868632080599134,0.19046093221092608,9,28.721556844038826,244,-4.686622692719855,251,-1.480573979431536,-1.5439918155568622,16.771876484149523,250,0.3681530341422384,231
Robert Morris,0.12711030937989995,-1.9267539039202473,0.26095838144612915,10,29.630238176895944,247,-4.758160995509126,252,-1.507097282055402,-1.5669214460937038,16.218193641539564,251,0.3241839004490874,245
Campbell,0.12493234015094125,-1.946528896944348,0.19159048330798026,11,30.618016819958985,249,-5.1601803719297905,255,-1.5158634328974614,-1.6957776729059475,14.677351786542816,252,0.4399836025518372,182
Houston Christian,0.05997640885897662,-2.7519536726870424,0.17022949490395828,9,25.724152400995425,261,-4.46191432558822,250,-1.7773058280519758,-1.471967744031949,14.256012756218633,253,0.39312063049019774,213
Alabama A&M,0.08302139547397147,-2.401985788578879,0.2495846499530728,10,25.458232257838965,254,-5.026714193187158,253,-1.6845516118150161,-1.6529987691801018,13.26765167487189,254,0.2973285806812843,252
North Carolina A&T,0.0681903075034988,-2.614826165202555,0.22086229415239725,11,24.757763098057556,255,-5.284517907023343,256,-1.744245547143557,-1.7356306416009821,11.674149474398376,255,0.3377710993615143,238
Southern,0.06022538973409371,-2.7475460504194014,0.2383287441099289,11,25.521732666199703,260,-5.400617615941501,257,-1.776303700070072,-1.7728432022451728,10.898583635364945,256,0.3272165803689544,243
Mississippi Valley State,0.033660604329828384,-3.3571869712324265,0.18110420594580456,8,19.20731081200994,265,-5.074885697813246,254,-1.8832248231256346,-1.6684388168246989,10.87040584369846,257,0.24063928777334423,263
Fordham,0.11448023530249514,-2.045772586706207,0.18027568289535467,12,28.93201436160915,252,-6.150154113226651,261,-1.557932313623707,-2.0130864605630707,10.653702706832826,258,0.4041538238977791,204
Hampton,0.06076816916217727,-2.7379962215729567,0.16404112196276338,11,24.640720438455222,259,-5.883839905275324,259,-1.7741190565602913,-1.9277267839011392,9.18894223024244,259,0.3741963722476978,228
Tennessee State,0.04925622031691436,-2.960208943756242,0.21758531846546011,12,26.250804118474118,263,-5.753819132234805,258,-1.8204537240669998,-1.886052209977913,9.136767087187819,260,0.35384840564709946,235
Northwestern State,0.06333238645953983,-2.6939316518146894,0.13944381896668126,12,23.19820746541127,257,-6.137987470286691,260,-1.7637982883319703,-2.0091867786219333,8.392456225713158,261,0.4051677108094424,202
VMI,0.06712401860630957,-2.631730335128874,0.08510980636630196,11,22.679701757487564,256,-6.7632526510500455,262,-1.7485372741292695,-2.209598292782224,6.3194820141728725,262,0.38515884990454113,220
Massachusetts,0.0494319747620112,-2.956462250015199,0.08812718845187123,12,22.74381531204367,262,-6.813876103526123,263,-1.8197463265719405,-2.22582424470612,5.340545909332086,263,0.4321769913728231,187
Norfolk State,0.06289569772095162,-2.701316828521656,0.12717960788356303,11,23.99915481439081,258,-7.339722854379042,264,-1.7655559253557602,-2.394369922279342,4.0602061916645225,264,0.3327524677837234,240
St. Francis (PA),0.041248989805941695,-3.1460047834104508,0.10103855886027575,11,20.101457506320813,264,-7.920650078567703,265,-1.8526821823725765,-2.580570126926029,1.0,265,0.2799409019483907,258
