team,elo,sos,waa,wins,losses,elo_z,waa_z,sos_z,hybrid_score,hybrid_rank,elo_rank,sos_rank,waa_rank
Abilene Christian,1700.7657209212018,1493.2803782680385,0.11451781403602124,9,5,0.28815416009452516,0.15627348926572476,-0.043669066553090906,1518.2225313516362,112.0,104.0,142.0,117.0
Air Force,1583.554681968372,1724.8879894198826,-0.05158683217015286,4,8,0.11992400442708648,-0.07039650844941345,0.4473553892517539,1512.831412752907,119.0,125.0,96.0,137.0
Akron,1246.9930459449115,1390.6561055338307,0.5268971461482477,5,7,-0.363134732409984,0.7190152571969228,-0.26123975613913186,1498.1889259726258,134.0,167.0,162.0,68.0
Alabama,2623.218850095889,2206.966505075996,0.608936963959479,10,3,1.6121287183221489,0.8309685694043387,1.4693958119650623,1634.9234092375389,6.0,15.0,12.0,57.0
Alabama A&M,348.27437008846186,900.4652978440693,0.003286304032345755,2,8,-1.6530438066006004,0.0044845616574654,-1.3004788095940725,1391.4727703278124,254.0,252.0,234.0,128.0
Alabama State,1448.0066853664557,704.9918570526697,-0.11775696352672183,6,1,-0.07462474091699964,-0.16069370281438586,-1.714896278050973,1457.150026308699,185.0,139.0,261.0,146.0
Alcorn State,794.9835835239467,772.0752738887855,-1.6164540832460197,4,6,-1.0118929287846128,-2.2058482512356234,-1.5726747073449576,1351.7764118768016,263.0,224.0,253.0,261.0
App State,1529.955081590958,1653.1947563482693,-0.5893910769827522,5,7,0.042993800618947677,-0.8042958287101633,0.29536068329712384,1483.9280288355849,147.0,129.0,109.0,209.0
Arizona,2553.8946493823582,2061.3022903645206,-0.9023631851623399,9,3,1.5126293778014026,-1.2313843458965794,1.160577412590225,1561.9014867649773,58.0,16.0,45.0,234.0
Arizona State,2354.8568503275737,2210.55228502633,0.6678114457127649,8,4,1.226955261968626,0.9113099623111508,1.4769979181307118,1618.2270203303801,12.0,36.0,10.0,52.0
Arkansas,1926.9745638075383,2208.046486091459,-0.9319316570787877,2,10,0.6128262148097335,-1.271734123069111,1.4716854478183923,1521.9229960047812,108.0,75.0,11.0,238.0
Arkansas State,1592.9563746217736,1645.0655627592093,0.7036902840542709,6,6,0.13341802540625108,0.9602710021775281,0.2781262200670557,1541.0415557369795,78.0,123.0,112.0,48.0
Arkansas-Pine Bluff,514.2841306903031,1061.9760153221662,-0.20388478435864676,2,7,-1.414774031689713,-0.27822559248200074,-0.9580647077347902,1401.7532364863584,244.0,241.0,204.0,157.0
Army,1932.9821118510174,1876.9059803539428,0.49378448481510884,6,5,0.6214487025170632,0.6738290023861544,0.7696442419354641,1566.680190036147,53.0,74.0,78.0,73.0
Auburn,2257.262208201483,2181.407374639557,-1.1485029485868565,5,7,1.0868800439357276,-1.567271997972178,1.415208654423122,1535.6300153460834,90.0,42.0,17.0,248.0
Austin Peay,1668.7225178821718,1443.1404243846766,-0.3931493891283162,6,4,0.24216332950809244,-0.53650017125235,-0.14996930188308052,1493.0137753001725,138.0,110.0,150.0,188.0
BYU,2740.2603746977097,2201.1830232195566,0.9551794133914001,11,2,1.780115574161236,1.303458514834295,1.4571344228980447,1657.2522226110516,2.0,10.0,13.0,27.0
Ball State,1158.0369845396135,1639.738677852689,1.6753990312621605,4,8,-0.4908112054749318,2.2862858039308893,0.2668328487078376,1549.3846708183369,69.0,176.0,114.0,2.0
Baylor,1985.7106822865346,2121.1904337337683,1.1372902510709504,5,7,0.6971287382179532,1.5519709080968456,1.2875444965336287,1607.1664540844756,19.0,69.0,37.0,17.0
Bethune-Cookman,773.9462855156903,1083.2444060271368,-0.15860739854388162,3,5,-1.0420872513532877,-0.2164390911794335,-0.9129742207692892,1423.142980281567,221.0,226.0,202.0,151.0
Boise State,2244.8332850182446,1894.0327715468895,-0.7486890618539379,9,4,1.0690411125468817,-1.0216773089485869,0.8059542460988697,1538.920821280864,82.0,44.0,74.0,226.0
Boston College,1522.1680958492354,1994.5119529240412,0.05671930558123528,2,10,0.031817329228422,0.07740039282552562,1.0189771908547132,1524.292422063281,101.0,133.0,58.0,125.0
Bowling Green,1278.800869776387,1529.146108200561,-0.2456787511015276,4,8,-0.3174817358798105,-0.33525854467502153,0.03236880817208166,1474.7155330292005,160.0,158.0,138.0,165.0
Brown,994.629550678804,1059.5334070102022,0.27326038043580936,5,5,-0.7253459240579122,0.37289703342880004,-0.963243209473838,1455.6547506104916,191.0,196.0,206.0,101.0
Bryant,489.42075331784065,1045.824926519888,1.1094002545215391,2,7,-1.450459832985877,1.5139116147626699,-0.9923061540773931,1453.0482337120384,196.0,243.0,208.0,19.0
Bucknell,477.64584128524564,852.1363793009699,0.8155450640459229,4,7,-1.4673600780644234,1.1129104575101907,-1.4029395223886272,1431.960519374312,215.0,245.0,241.0,35.0
Buffalo,1276.9651259648329,1369.4181877507908,0.5714435857147648,5,7,-0.32011653435905235,0.7798042934182629,-0.3062656383628739,1501.2629893173378,130.0,159.0,163.0,62.0
Butler,671.532412439938,889.8345789382299,1.1641225331935565,4,6,-1.1890793944480416,1.5885868214161745,-1.3230166827649665,1461.743301264784,179.0,231.0,235.0,15.0
Cal Poly,1296.245191160589,1707.5258184763888,-0.601459097959326,2,7,-0.2924443253407044,-0.8207641115045584,0.41054636343122297,1468.9657876564524,164.0,152.0,98.0,211.0
California,1860.0919163973465,1860.848209093492,1.3536789383311014,7,5,0.5168311764089982,1.8472595972883528,0.7356006353571283,1595.971359446243,27.0,83.0,80.0,6.0
Campbell,655.8561904823763,1154.477470589622,-1.5559275229637453,1,10,-1.211579094849633,-2.1232523961873597,-0.761955104479651,1360.4843712823044,262.0,233.0,189.0,260.0
Central Arkansas,1047.0081190461067,1466.066395135297,-0.30847471447083996,2,8,-0.6501682378195446,-0.4209512763266956,-0.10136462841990669,1452.8357572508237,197.0,189.0,147.0,175.0
Central Connecticut,1023.452384588585,865.4350517833058,-0.8388858408858568,7,5,-0.6839772110191125,-1.1447617871016005,-1.3747453996389878,1403.9633778432167,242.0,193.0,238.0,231.0
Central Michigan,1643.661514211042,1464.032119814354,-0.45745654992515467,7,5,0.2061938799882984,-0.6242551156432107,-0.10567743544492432,1489.4684918212201,140.0,115.0,148.0,198.0
Charleston Southern,931.106454986011,1182.2213707247583,0.7274758061388672,5,7,-0.8165190795247519,0.9927292407621174,-0.7031360812273109,1474.8932016220797,159.0,206.0,185.0,44.0
Charlotte,1038.871660354065,2003.2145399885724,0.46979126204134647,1,11,-0.6618462992425367,0.6410873309427377,1.0374272886567848,1506.888850739291,125.0,190.0,53.0,79.0
Chattanooga,938.8430809429009,1109.1615250999196,0.33277279584102515,5,6,-0.8054148883095191,0.45410896441343257,-0.8580281020927348,1456.1919624750724,190.0,204.0,194.0,92.0
Cincinnati,2141.7607820609055,1994.8757499359551,0.5342972150416655,7,5,0.9211036539895531,0.7291135514799189,1.0197484661548213,1588.3235585669715,32.0,54.0,57.0,65.0
Clemson,2223.3308196055345,1939.2978902002117,-1.0009282142064575,7,5,1.0381791465074057,-1.3658883192561893,0.901919487237329,1528.970697492431,95.0,45.0,66.0,243.0
Coastal Carolina,1612.6696352314023,1747.750903549719,1.0064848917884905,6,6,0.16171198927432362,1.3734710818314144,0.4958263782355993,1559.2062594833706,60.0,121.0,95.0,22.0
Colgate,906.5260622801186,966.0144863368806,-0.3056563500584423,5,6,-0.851798719806272,-0.4171052752092696,-1.1615099110848162,1421.666707531712,223.0,211.0,222.0,174.0
Colorado,1859.7661273648193,2250.0190300929958,0.2831726873914263,3,9,0.5163635793281564,0.38642358218164236,1.5606701986847515,1568.624290405552,49.0,84.0,6.0,99.0
Colorado State,1287.4962310541089,1923.7315601886069,0.5118624764496083,2,10,-0.30500149515841835,0.6984986213045803,0.8689177707358113,1523.0832392959328,104.0,156.0,69.0,72.0
Columbia,660.4540427363429,1204.6546456904173,0.6379838217311076,2,8,-1.2049799092496147,0.8706065406177066,-0.6555759575459204,1452.7576816051321,198.0,232.0,182.0,53.0
Cornell,766.9875235982388,1019.900770047711,0.40077483556969606,4,6,-1.0520749932168902,0.5469060206185324,-1.047267192536552,1442.8580871069805,205.0,228.0,210.0,84.0
Dartmouth,1254.8674334627908,1040.497839769882,0.43059841403272237,7,3,-0.35183281537423716,0.5876039217096348,-1.0035999533590243,1479.9644778153968,150.0,163.0,209.0,82.0
Davidson,-8.725465234095964,817.708217165946,0.5588417255139232,1,9,-2.1654369941887897,0.7626075220565169,-1.475929652085306,1385.08778291055,256.0,265.0,245.0,63.0
Dayton,810.9339787809181,631.1586186377504,-0.4243716894250857,5,4,-0.9889997141095227,-0.5791067984513611,-1.871427946128266,1395.7482514184178,251.0,222.0,265.0,193.0
Delaware,1473.9836782921695,1544.167162774609,0.957328323038414,6,6,-0.037340594281088546,1.3063909634797957,0.06421450232330392,1538.6089892368054,83.0,138.0,133.0,26.0
Delaware State,887.5804712310483,766.2302683748122,0.5158771182370168,6,4,-0.8789908662104975,0.7039770884369774,-1.585066530901194,1445.4684387245607,201.0,214.0,254.0,69.0
Drake,1100.1026393693155,939.0791861243749,0.5864294634901267,7,4,-0.5739629631384113,0.8002543467953631,-1.218614645523421,1470.9371893364719,162.0,187.0,227.0,59.0
Duke,2249.870334453448,2035.1370787151877,-0.23908895002682407,8,5,1.0762706671874633,-0.32626595940626135,1.105105320169613,1566.1276609805775,54.0,43.0,47.0,163.0
Duquesne,950.9016120430908,806.4587417714346,-0.3741577570267397,6,4,-0.7881075716759554,-0.5105837787648828,-1.499779332612681,1415.2815214010022,231.0,201.0,250.0,184.0
East Carolina,2201.155120895675,1781.8744523109106,-0.6958438350449107,8,4,1.0063509050778996,-0.9495635679205956,0.5681707061152609,1533.1940523385824,94.0,47.0,87.0,216.0
East Tennessee State,1322.3547594249933,1088.6998536730066,-1.3022662545160082,7,5,-0.25496989654310603,-1.777100735455967,-0.9014082873435142,1415.9103173622955,230.0,149.0,200.0,256.0
East Texas A&M,864.9269927381018,1288.2379405272393,-0.22301179512615338,3,8,-0.9115048533513422,-0.3043267256290337,-0.4783734828193049,1435.7274859071758,212.0,216.0,171.0,159.0
Eastern Illinois,772.7553668028534,1164.9485071007819,-0.0042333794578152395,3,8,-1.0437965480393145,-0.005776961294864872,-0.7397557692374509,1432.8417483744392,214.0,227.0,187.0,129.0
Eastern Kentucky,1135.8310006503225,1489.210868205021,-0.042804704519421505,3,7,-0.5226829144864649,-0.058412226853494204,-0.05229671464353073,1471.0675531772013,161.0,182.0,145.0,133.0
Eastern Michigan,1241.7713290230686,1535.1301324881667,0.579140215968527,4,8,-0.37062933580622603,0.7903072817565246,0.045055361324336234,1506.078858888871,126.0,168.0,134.0,61.0
Eastern Washington,1262.1022843084131,1417.6542391488128,-0.5331375220155293,5,7,-0.34144880978173014,-0.7275310092597677,-0.2040018104597394,1457.0215930239256,186.0,162.0,157.0,206.0
Elon,993.2832328078902,973.0334488804107,-0.23186574365548618,5,6,-0.7272782613789117,-0.3164090155513924,-1.146629215903379,1431.2112321464451,216.0,197.0,217.0,161.0
Florida,2078.3237127307843,2346.233924839426,0.7811673407508761,4,8,0.8300539700703855,1.0659978717474317,1.764652555301749,1608.7756857619772,16.0,61.0,3.0,40.0
Florida A&M,397.56600286700177,758.5947998076542,1.2529615529166094,4,6,-1.5822967239919976,1.709818471809895,-1.6012542622946402,1440.1546327088042,208.0,249.0,255.0,12.0
Florida Atlantic,1539.0910517688342,1799.5143900721578,0.5315380213686368,4,8,0.05610643658675726,0.7253482960349583,0.6055686171621871,1536.6771430536303,87.0,128.0,85.0,67.0
Florida International,1648.875790433696,1572.6292820748024,0.2619194212244469,7,5,0.21367780392982347,0.35742091486595,0.12455620081466937,1523.897641658763,102.0,113.0,125.0,102.0
Florida State,2109.9636322107976,2033.7615466467614,-0.7783101258342805,5,7,0.8754659775654301,-1.062098854390551,1.1021890952580824,1533.9541151517167,92.0,57.0,48.0,228.0
Fordham,331.5198560181675,1062.9380183697972,0.28253634777405995,1,11,-1.677091153466216,0.38555521935791104,-0.9560251934865476,1408.5915950376957,236.0,254.0,203.0,100.0
Fresno State,1796.632137007856,1568.5768593142818,0.47616744976543035,8,4,0.4257488972935331,0.6497884148067944,0.11596477900957493,1543.100392889072,75.0,93.0,126.0,78.0
Furman,881.9970252850694,1136.3119618282255,1.5700889756856675,5,6,-0.8870046504840996,2.1425774212811,-0.8004672630811013,1503.917744852606,127.0,215.0,191.0,4.0
Gardner-Webb,1312.503670649648,1136.3457859289265,-0.17271095880745868,7,4,-0.26910892485456933,-0.23568511497067832,-0.8003955536042099,1463.466089236067,176.0,151.0,190.0,152.0
Georgetown,651.0089008767351,734.0706733300148,0.8459823517888333,6,5,-1.2185362918185152,1.154445839576367,-1.653247138512673,1440.6416178261118,207.0,234.0,257.0,33.0
Georgia,2910.5882166060073,2161.479988082947,-0.32636086285758736,12,1,2.024582986230362,-0.44535910179428906,1.3729611907456125,1615.3276000726016,13.0,6.0,24.0,177.0
Georgia Southern,1602.51935835083,1760.1447580465128,1.1142100482750952,6,6,0.14714354354649883,1.5204751634895104,0.5221022230981535,1563.4134765439733,57.0,122.0,92.0,18.0
Georgia State,1179.5863788182903,1882.8223246316977,-0.6138482580791452,1,11,-0.4598818835746306,-0.8376706277290729,0.7821873086977827,1467.519533163352,166.0,173.0,77.0,213.0
Georgia Tech,2326.2376162815917,1969.424777033167,0.09130135791824343,9,3,1.185878770866316,0.12459181042431318,0.9657906102055096,1582.3475050601553,37.0,39.0,62.0,119.0
Grambling,890.0638057159434,956.0183075332518,-0.598719336139822,5,4,-0.8754265965759935,-0.8170253731877737,-1.1827025145263403,1408.0638586850403,237.0,213.0,224.0,210.0
Hampton,63.607283468943024,929.5244007973532,0.21037755401000366,1,10,-2.0616195578544607,0.287085766568951,-1.2388714636918754,1380.754165830508,257.0,261.0,228.0,107.0
Harvard,1628.7095023241195,967.6260907446983,-0.4459618406674576,9,2,0.18473362070085494,-0.6085691864372068,-1.1580931961790069,1467.8177415183463,165.0,119.0,221.0,197.0
Hawai'i,1918.3109535793817,1632.6726971713103,-0.43175309528203976,8,4,0.6003915455981472,-0.5891796247505938,0.25185247176104175,1517.3812379726103,114.0,76.0,116.0,195.0
Holy Cross,893.2745051285447,1130.331790204513,-0.9517556806767621,3,9,-0.8708183577376651,-1.2987864150205368,-0.8131456483144254,1401.2325766962122,246.0,212.0,192.0,240.0
Houston,2360.471592659181,2001.1220003331734,0.05875369132360331,9,3,1.235013965183935,0.08017655967038254,1.0329909571371412,1584.815814192051,35.0,34.0,54.0,123.0
Houston Christian,383.6935668721628,1208.151269023657,0.3303817854630244,1,8,-1.6022074942381135,0.4508461398669982,-0.6481628696909061,1420.4517520902862,225.0,250.0,180.0,93.0
Howard,462.63256272353897,738.4322716171455,0.29065966205172333,4,7,-1.4889082719212405,0.3966404699563309,-1.6440002428052014,1404.5737956465239,241.0,246.0,256.0,97.0
Idaho,1247.0868390605317,1440.1407779162826,-0.5755023029017314,4,8,-0.36300011343055777,-0.785342906795484,-0.15632876376529165,1455.1631318493019,192.0,166.0,152.0,208.0
Idaho State,1632.406771045842,1676.7423110734214,-0.13905401059125255,5,6,0.19004022064363046,-0.18975611449108548,0.34528315858603914,1510.7149907691698,122.0,116.0,106.0,149.0
Illinois,2405.8757295038426,2146.9497258889996,0.17268413170037777,8,4,1.3001814193551846,0.23564850611933297,1.3421560110237465,1598.9216463718142,24.0,30.0,25.0,113.0
Illinois State,1730.5739456916326,1431.318792804343,0.8809131179743336,10,4,0.3309371806879836,1.202113119645268,-0.17503199384121762,1549.109612746933,70.0,101.0,156.0,32.0
Incarnate Word,1185.4548794561115,1260.1272280696867,-0.11538419368099206,5,7,-0.4514589672294182,-0.15745576969334277,-0.5379701740424911,1461.943975066879,178.0,172.0,172.0,145.0
Indiana,3044.9725624558014,2130.331429784733,1.1962055570829615,13,0,2.217461571929751,1.632368010671288,1.3069240522793006,1685.9825999622121,1.0,2.0,34.0,13.0
Indiana State,984.0424975722947,1831.4003643797691,-0.01866656754497653,1,9,-0.7405412640879947,-0.025472802353267522,0.6731691295302259,1475.6721353156067,158.0,198.0,82.0,131.0
Iowa,2481.8607390972284,2023.6146004949562,-0.2309687910269515,8,4,1.409240856985726,-0.315185014568252,1.080676854414647,1582.6200295005317,36.0,22.0,50.0,160.0
Iowa State,2417.4926407656453,2141.5563609919573,-0.4759502735510617,8,4,1.3168548897672536,-0.6494920514410543,1.3307216974001281,1572.9724168931336,46.0,27.0,29.0,200.0
Jackson State,1173.5213060794936,647.1819919298551,-1.1753169389004616,7,3,-0.4685869350791458,-1.6038629498927794,-1.8374572656666666,1391.705619435926,253.0,174.0,263.0,251.0
Jacksonville State,1631.2532818454022,1491.6091194610296,0.6216133605016255,8,5,0.1883846456271099,0.8482670546717407,-0.04721225298871522,1533.9229988617335,93.0,118.0,143.0,55.0
James Madison,2515.3910956234295,1717.7578187016054,-0.3304508169645355,12,1,1.4573661628304906,-0.45094034174904774,0.432238924903601,1567.984876387125,52.0,21.0,97.0,178.0
Kansas,2030.0806666627507,2085.330113495381,-0.2725671776730147,5,7,0.7608118984839124,-0.37195107392527255,1.211518090741215,1551.1124245212618,68.0,65.0,40.0,171.0
Kansas State,2286.0980935173743,2182.110457795731,-1.1579858137126824,6,6,1.1282674893405331,-1.5802125211032163,1.4166992402567604,1537.3409836390654,85.0,40.0,16.0,249.0
Kennesaw State,1963.0445429791441,1615.5973140639558,-0.011472544793187822,10,3,0.6645965793178286,-0.015655683097695567,0.21565145636154737,1537.0731876001914,86.0,70.0,120.0,130.0
Kent State,1293.61988567101,1564.0902656318206,-0.05644636277968251,5,7,-0.29621236250795613,-0.07702792916711873,0.10645288425623856,1485.0076016847133,145.0,154.0,128.0,138.0
Kentucky,2062.06305307922,2239.1880977436563,0.8879104611241665,5,7,0.8067154404499903,1.211661845656315,1.537707858905655,1607.439784570302,18.0,62.0,8.0,30.0
LSU,2354.945922358945,2243.8502966544424,0.28683340453758166,7,5,1.227083104890565,0.39141907608326904,1.5475920491170116,1604.0485685093665,22.0,35.0,7.0,98.0
Lafayette,1249.9949044604357,925.4904221945523,-0.08840219277494724,7,3,-0.35882623783583817,-0.12063554687951696,-1.247423782582942,1453.4911460501637,195.0,165.0,229.0,141.0
Lamar,1252.5658213023914,1358.495592003716,0.22321022874789376,5,5,-0.3551362633727306,0.3045975124469453,-0.3294223110042041,1484.7926659846878,146.0,164.0,165.0,104.0
Lehigh,1797.1566415482423,970.5429950516292,-0.40781862620340237,10,1,0.42650170591348713,-0.556518129872035,-1.1519091535095003,1481.5913583293234,149.0,92.0,218.0,192.0
Liberty,1491.6923601938743,1631.0605699833416,-0.9149698504871107,4,8,-0.011923753515878217,-1.2485876744345084,0.2484346485244747,1466.9148750616603,169.0,137.0,117.0,236.0
Lindenwood,999.8433186224664,1087.0485626664358,0.36959168380148344,5,6,-0.7178627296368711,0.5043528163494707,-0.9049091406351846,1461.1392651959368,181.0,195.0,201.0,89.0
Long Island University,944.6571301780805,780.2297892951393,-0.3756473123208529,6,4,-0.7970701247392035,-0.5126164581800878,-1.555386560077932,1413.6602688160785,232.0,203.0,252.0,185.0
Louisiana,1585.849482340872,1653.0345561276574,0.3185425586307291,6,6,0.12321767563195263,0.43469007451711983,0.2950210475409648,1525.1020069679305,99.0,124.0,110.0,95.0
Louisiana Tech,1833.9489015668014,1626.1500109725093,-0.9807385209280404,7,5,0.4793087425678589,-1.3383370265391403,0.23802391740039835,1488.5758046802266,141.0,88.0,119.0,241.0
Louisville,2369.558836036165,2020.2146823152598,-0.37777959661771443,8,4,1.2480566647586149,-0.5155262195126981,1.0734687882994451,1568.4064224185388,51.0,32.0,52.0,186.0
Maine,910.9786779550673,968.1579185085532,0.19850690448769598,5,6,-0.8454079887384811,0.27088682113572765,-1.1569656838445461,1442.716891520257,206.0,210.0,220.0,108.0
Marist,718.0766778250207,692.9041720788446,-0.1529424369552116,5,6,-1.1222755414908965,-0.20870856190353146,-1.7405230219506873,1402.8145056293356,243.0,230.0,262.0,150.0
Marshall,1745.6809517196964,1755.737882675802,-1.7355925033546762,5,7,0.35261989929943527,-2.368427119621369,0.5127593367830556,1456.8333681119918,187.0,100.0,93.0,263.0
Maryland,1786.4263375948256,1971.2668745496542,-0.39330355193053884,4,8,0.4111007614242168,-0.5367105451511281,0.969695986743328,1523.8476414515435,103.0,94.0,60.0,189.0
Massachusetts,512.4895812163995,1549.9313982392516,-0.7450332865762526,0,12,-1.4173497049372576,-1.0166885588277057,0.07643508768352102,1400.1605597419764,248.0,242.0,129.0,224.0
McNeese,938.4539486375357,1218.3853918226891,0.7911196993207733,4,7,-0.8059734004504545,1.0795790758005606,-0.6264658082124726,1479.5593860872445,152.0,205.0,178.0,38.0
Memphis,2167.9752119561526,1750.2549695535374,-1.129893736003306,8,4,0.9587285881374822,-1.5418774634414687,0.5011351746119769,1511.7028089958696,121.0,49.0,94.0,247.0
Mercer,1540.9714396355528,1108.5995035646145,-0.4760428935039502,9,3,0.05880531159340692,-0.6496184426347332,-0.8592196273502656,1466.267319753623,173.0,127.0,195.0,201.0
Mercyhurst,760.2281106003622,1059.3239843577912,-0.23236690697101103,4,7,-1.0617766144209382,-0.3170929138659761,-0.9636872002538553,1418.1246378578967,228.0,229.0,207.0,162.0
Merrimack,640.4716141463839,970.2640109692759,-0.3536332380361521,3,8,-1.2336602033783541,-0.4825755756293351,-1.1525006194226213,1400.7897101737499,247.0,235.0,219.0,181.0
Miami,2794.362914827742,2063.45420178859,-0.8759917199348503,10,2,1.857767635173527,-1.19539727329272,1.165139616443065,1580.329255888756,39.0,8.0,43.0,232.0
Miami (OH),1712.5097229645987,1594.2430415992847,-0.12099685467417615,7,6,0.30501004081677074,-0.16511492844391595,0.17037889401384826,1513.704632067798,118.0,103.0,123.0,147.0
Michigan,2524.92075599409,2177.929872594389,0.22068088500209182,9,3,1.4710438527642793,0.3011459151907788,1.407836105046196,1610.7432921948612,15.0,20.0,19.0,105.0
Michigan State,1851.4007858832583,2139.4144506506464,-0.17748531157716996,4,8,0.5043570079998309,-0.24220030016338182,1.32618069654746,1544.4754553260393,72.0,85.0,30.0,153.0
Middle Tennessee,1213.457376912227,1597.879255581983,0.9649725104090949,3,9,-0.4112676631661961,1.3168223871239944,0.1780879238819291,1522.5030469330486,106.0,169.0,121.0,25.0
Minnesota,1960.6489889444244,1969.810454077195,0.6261800799997689,7,5,0.661158298830162,0.8544988990051315,0.9666082727154696,1578.0250473659714,42.0,71.0,61.0,54.0
Mississippi State,2012.477971428737,2144.572290874558,0.9266006190587412,5,7,0.7355471778070797,1.264459273127085,1.3371156812678633,1601.4534507095238,23.0,67.0,27.0,28.0
Mississippi Valley State,34.29774617864177,719.0605345326895,0.3739231691680447,1,7,-2.103686824427128,0.5102636550921927,-1.6850696904480658,1376.422174622448,259.0,262.0,259.0,88.0
Missouri,2371.4163717673764,2021.5910817926608,0.25164310479737817,8,4,1.2507227406505392,0.34339763090463044,1.076386852179124,1594.3658030032484,30.0,31.0,51.0,103.0
Missouri State,1699.2036642737382,1677.8359061822873,0.49121194007516505,7,5,0.2859121781505727,0.6703184521177329,0.347601657276696,1541.3571956165945,77.0,105.0,104.0,75.0
Monmouth,1292.4402487599862,802.3156066891061,-0.9021373018944094,9,3,-0.29790546669801854,-1.231076100696971,-1.5085630709320257,1418.0011822255494,229.0,155.0,251.0,233.0
Montana,2123.4617715379823,1411.4607660037882,0.09479565498802134,11,1,0.8948395289008713,0.12936020388538141,-0.21713240994847485,1544.2801343626354,73.0,56.0,160.0,118.0
Montana State,2337.6301238702217,1577.8519964970494,0.3862925267708017,10,1,1.2022301601398895,0.5271431483730402,0.13562872340688528,1578.6383769263234,41.0,38.0,124.0,87.0
Morehead State,446.9423630130791,709.0524969475496,0.6864400480276737,4,5,-1.51142803425187,0.9367309564892151,-1.706287435342019,1418.4047782752425,227.0,247.0,260.0,51.0
Morgan State,482.26083330812,981.6701532047059,-0.7420908226803326,1,8,-1.460736292170634,-1.0126732088673127,-1.1283187941530157,1374.0166132423885,261.0,244.0,213.0,223.0
Murray State,632.5472714283628,1437.7920284642255,0.8035714034772514,1,8,-1.2450338198988196,1.0965709409720812,-0.1613082781075994,1467.4192716720695,167.0,236.0,155.0,37.0
NC State,2184.3247069625427,2125.6800970911504,1.0996673135091939,7,5,0.9821946209837221,1.5006298326607321,1.2970628992141011,1620.06988401329,10.0,48.0,35.0,20.0
Navy,2125.5372466591466,1775.4954983475736,1.6608652638887615,9,2,0.8978184079026851,2.2664527102001357,0.5546468742218515,1623.9774391855753,9.0,55.0,89.0,3.0
Nebraska,1989.3806503704825,1947.1022791157268,1.4912350576896307,7,5,0.7023961542188092,2.0349716569618654,0.9184653416722153,1614.5382642532406,14.0,68.0,65.0,5.0
Nevada,1368.1803802598176,1838.243499609186,0.7793120518397534,3,9,-0.18919749664396324,1.0634661043173794,0.6876770584161227,1536.1976494656458,89.0,148.0,81.0,41.0
New Hampshire,1296.0335377997553,1090.5471696239856,-0.19762327392183676,8,5,-0.2927481062657666,-0.26968099972784404,-0.8974918473568577,1459.322327747739,182.0,153.0,199.0,156.0
New Haven,210.12349430010295,835.1724622114587,0.820904491962031,1,4,-1.8513284011840656,1.120224048919252,-1.4389042219758732,1412.2622169688568,234.0,257.0,242.0,34.0
New Mexico,2093.628108115651,1766.4178854563427,0.40074426785888606,9,3,0.852019996828567,0.5468643072583242,0.5354016952410906,1569.7149629639998,48.0,59.0,90.0,85.0
New Mexico State,1285.3178192071373,1547.9158864754108,0.05859995649499927,4,8,-0.30812811674114576,0.07996676979367337,0.07216206072172852,1488.4358384711875,142.0,157.0,130.0,124.0
Nicholls,1035.1019985035612,1248.6124366307565,0.3603264103295686,4,7,-0.6672568032837053,0.49170922350196966,-0.5623823432794517,1470.1407896752849,163.0,191.0,174.0,90.0
Norfolk State,142.08648778393763,879.5701432501229,-0.9230491414772407,0,11,-1.9489802631555928,-1.259612849901302,-1.344778009704228,1337.8670411510968,265.0,260.0,237.0,237.0
North Alabama,851.6419688681085,1455.791526483086,-0.5565482858980038,1,10,-0.9305725252503521,-0.7594778446852108,-0.12314807397822397,1428.2240769173616,217.0,218.0,149.0,207.0
North Carolina,1617.627578745728,1889.3315792405292,0.7133296926008401,4,8,0.1688280051091551,0.9734251478509374,0.7959873871412376,1553.5639024338107,66.0,120.0,76.0,47.0
North Carolina A&T,325.3200876833116,953.0275440617509,0.446018162775178,2,9,-1.685989530286292,0.6086460448052289,-1.1890431438292002,1410.1790419532583,235.0,255.0,225.0,81.0
North Carolina Central,1031.7638294167743,824.4317849405018,-0.7899868648690936,6,4,-0.6720479962475385,-1.078033185372817,-1.4616752146290009,1404.8231003338585,239.0,192.0,243.0,229.0
North Dakota,1907.8341509633296,1468.2605418244889,-1.4781299095955114,8,6,0.5853544454176364,-2.0170880880407203,-0.09671288282891169,1466.820821973082,170.0,78.0,146.0,259.0
North Dakota State,2258.5801993013442,1321.301635918873,-0.6076063832327703,12,1,1.0887717245306514,-0.8291528301268923,-0.40827611876536535,1521.3984789474184,110.0,41.0,168.0,212.0
North Texas,2472.7574265521516,1795.3983688426613,-0.706679096136286,11,2,1.3961750937246058,-0.9643495998764776,0.5968423621214162,1552.8151139323643,67.0,23.0,86.0,217.0
Northern Arizona,1395.4214239106898,1501.6676823208352,-0.09266333961181972,5,5,-0.15009908872204392,-0.12645040014123055,-0.025887390952222034,1488.1837857406165,144.0,146.0,140.0,143.0
Northern Colorado,1076.930984985868,1337.7552566069048,0.4293847263406,3,7,-0.6072206755418329,0.5859476971988599,-0.3733932835071432,1479.7495314687312,151.0,188.0,167.0,83.0
Northern Illinois,1149.7539094540602,1546.4557032913772,-0.24134091738028762,3,9,-0.5026997018443607,-0.3293390428300119,0.06906636948019393,1466.3661710124854,172.0,178.0,132.0,164.0
Northern Iowa,1003.175887072521,1439.5031589864727,0.008640780865391523,3,9,-0.7130795751308292,0.01179139671134923,-0.15768056082612086,1461.5461519282767,180.0,194.0,153.0,127.0
Northwestern,2061.1540076759256,2068.4479083527017,0.7762396074838819,6,6,0.8054107096748752,1.0592733802062138,1.1757266262390615,1595.5632694147114,28.0,63.0,41.0,42.0
Northwestern State,434.3490477408134,1259.8796734264083,0.16269617971278807,1,11,-1.5295029136109293,0.22201873051753698,-0.5384950073301072,1419.4155160883774,226.0,248.0,173.0,114.0
Notre Dame,2961.0646297996923,2137.688488151217,-1.2681092874519762,10,2,2.097030555375491,-1.7304893984271992,1.3225215344292243,1579.387276504543,40.0,5.0,31.0,254.0
Ohio,1828.8702181104072,1531.1992899235674,-0.7205471887471347,8,4,0.4720194316284799,-0.98327429940904,0.03672169810170808,1494.8371765611869,135.0,89.0,137.0,218.0
Ohio State,3082.2379712736624,2122.2528421475845,-0.35390912753178017,12,1,2.2709477075569797,-0.48295206041029676,1.289796877233219,1624.8547611102044,8.0,1.0,36.0,182.0
Oklahoma,2710.546147880204,2212.179699458419,-0.20582173922332592,10,2,1.7374674665452094,-0.2808688030410009,1.4804481514020242,1608.056272264071,17.0,11.0,9.0,158.0
Oklahoma State,1432.8883634375622,2167.0481096701046,-0.6902703256779773,1,11,-0.09632370096590548,-0.9419578363271519,1.3847660008664546,1494.6203998792193,136.0,141.0,21.0,215.0
Old Dominion,2209.863044510606,1692.2149731483544,-0.7963893223623948,9,3,1.0188491762165897,-1.0867701175328994,0.3780862924615284,1525.9010811340731,97.0,46.0,101.0,230.0
Ole Miss,2697.542876959926,2064.511808289183,0.7841695502596028,11,1,1.7188041878075764,1.0700947518650339,1.1673818167482564,1641.390688281295,4.0,12.0,42.0,39.0
Oregon,2974.733436512906,2182.255205844607,-0.12835930869738543,11,1,2.116649061462426,-0.1751618926603608,1.4170061163200076,1628.9177186197107,7.0,4.0,15.0,148.0
Oregon State,1378.336463905917,1975.8951927618252,-0.42961293283757895,2,10,-0.17462071660669706,-0.5862591127271443,0.979508347486227,1493.2713577375753,137.0,147.0,59.0,194.0
Penn State,2411.8095546982963,2162.8808115092115,-2.058070494105002,6,6,1.3086980944489703,-2.8084875700426633,1.3759310351179088,1508.6988983235267,124.0,28.0,23.0,265.0
Pennsylvania,1172.5225392759426,1091.5418763954815,-0.0925288269620187,6,4,-0.47002044079957944,-0.12626684126603083,-0.8953829989095632,1454.803312743849,193.0,175.0,198.0,142.0
Pittsburgh,2341.636002436906,1999.695475752572,-0.47266204186462796,8,4,1.2079797002930943,-0.6450048592650712,1.0299666245066266,1561.648171726835,59.0,37.0,55.0,199.0
Portland State,811.843988737122,1691.1284970545867,0.5952612765422445,1,10,-0.9876935989350576,0.812306430166103,0.375782886584519,1482.5001706899207,148.0,221.0,102.0,58.0
Prairie View A&M,1212.2026002973168,732.8440075815117,0.4798785819317165,8,2,-0.4130686135471507,0.6548527061367825,-1.6558477563361444,1465.8751953800231,174.0,170.0,258.0,77.0
Presbyterian,1140.6838812240658,641.973143501979,0.1822160025796956,8,2,-0.5157176929369411,0.24865590356295522,-1.8485003913737528,1444.7037846325666,202.0,180.0,264.0,111.0
Princeton,863.053056266904,1203.4642094986134,-0.046839217999622804,2,7,-0.914194468826787,-0.06391781132825847,-0.6580997661562844,1439.2107468956872,209.0,217.0,183.0,135.0
Purdue,1757.0729589036598,2331.4866585502937,-0.43689405458333613,2,10,0.36897057035435193,-0.5961950891562797,1.73338731160696,1535.2304220751685,91.0,98.0,4.0,196.0
Rhode Island,1440.6939138311502,984.1661101612717,-0.25862351412576223,10,3,-0.0851205841817279,-0.35292324865617486,-1.1230271895282153,1462.6957295406642,177.0,140.0,211.0,168.0
Rice,1528.733078257396,1867.0524088832778,1.2567364721843923,5,7,0.04123988893223389,1.7149698084000895,0.7487539760886075,1568.4861682203866,50.0,131.0,79.0,11.0
Richmond,967.3220081641645,906.7002432054031,0.5413232802257465,7,5,-0.7645397761828967,0.7387014722009639,-1.2872602860844338,1458.1888496351953,184.0,199.0,232.0,64.0
Robert Morris,380.7944732053186,811.2104922154141,0.21605846874938026,2,8,-1.6063684929224096,0.2948380658598213,-1.489705286840732,1398.7326115928595,249.0,251.0,249.0,106.0
Rutgers,1918.111676825955,2089.53583950836,0.5152256624232717,5,7,0.6001055285169118,0.7030880977242805,1.2204345262439906,1575.5066098824539,44.0,77.0,38.0,70.0
SE Louisiana,1503.6174556014523,1221.4833532061173,-0.5149523057377604,7,4,0.00519204611092375,-0.7027150692708598,-0.6198979117826574,1466.7801919917672,171.0,135.0,177.0,203.0
SMU,2425.809856569817,1936.1969968634828,-1.4631039056123027,8,4,1.3287923874804048,-1.996583277571337,0.8953453748599169,1524.4490285440784,100.0,26.0,67.0,258.0
Sacramento State,1679.8100116489359,1313.2201179045348,-1.1618781358047898,7,4,0.2580769398557929,-1.5855240681301999,-0.42540950641757785,1456.8299348205321,188.0,108.0,169.0,250.0
Sacred Heart,921.7552768647175,861.3071775938039,0.3270581079907239,6,3,-0.82994059822362,0.44631057760393483,-1.3834967837901857,1444.2223517411333,203.0,207.0,240.0,94.0
Sam Houston,964.4064670373313,1658.4108999724901,1.3345272386349722,2,10,-0.7687243815067976,1.8211247730946074,0.30641927533451496,1522.3259096241886,107.0,200.0,108.0,7.0
Samford,565.591754537745,1438.3009092075279,-0.05028870978979803,1,9,-1.341133446093887,-0.06862506253438604,-0.16022941507366487,1427.6799875178008,219.0,239.0,154.0,136.0
San Diego,1144.419449363771,902.6425864890531,-0.268896473268169,8,4,-0.5103561227703133,-0.36694195119413253,-1.2958628042446958,1437.5566792407665,211.0,179.0,233.0,170.0
San Diego State,2159.162866267696,1642.6401161376298,-0.758047657297869,9,3,0.9460804425343963,-1.034448250980273,0.27298410232091647,1521.73025664373,109.0,52.0,113.0,227.0
San Jos√© State,1319.6462734765146,1780.5991575450832,0.9982647960870296,3,9,-0.25885732060150907,1.3622537612059837,0.5654669913484324,1539.2340866330728,81.0,150.0,88.0,23.0
South Alabama,1429.8517721386313,1668.2815081695933,-0.028701800470551375,4,8,-0.10068204665997553,-0.03916709854705081,0.3273456602419084,1500.337797915428,131.0,142.0,107.0,132.0
South Carolina,2095.6749769938365,2253.9528095215924,-0.4067737305695214,4,8,0.8549578179850418,-0.5550922426596424,1.5690100882659994,1557.4753253847828,62.0,58.0,5.0,191.0
South Carolina State,1262.275184202814,984.0954496535182,-0.044851234318821764,8,3,-0.3412006507652262,-0.06120496574159387,-1.123176994783725,1458.6402785938164,183.0,161.0,212.0,134.0
South Dakota,1785.8846878310208,1535.015205264358,0.8081798256012457,9,3,0.4103233446817649,1.1028596936119057,0.04481170751154827,1554.4981921926765,65.0,95.0,135.0,36.0
South Dakota State,1648.8416997986512,1513.291754627603,0.07825117880908916,7,5,0.21362887446983728,0.10678325337057203,-0.0012435385750010218,1513.860070553109,117.0,114.0,139.0,120.0
South Florida,2535.563484508691,1890.4101367685469,-1.0552954279924447,9,3,1.4863191023545348,-1.440078996676205,0.7982740051008775,1547.079065319458,71.0,17.0,75.0,245.0
Southeast Missouri State,812.9395593939134,1163.6862410322626,0.31378886239529774,4,8,-0.9861211529966604,0.4282030776784749,-0.742431862247923,1448.6913974355627,199.0,219.0,188.0,96.0
Southern,239.09273224009235,918.7472020721132,0.696566299184618,2,9,-1.809749557998717,0.9505494581328023,-1.261719884401557,1412.7946081560171,233.0,256.0,231.0,50.0
Southern Illinois,1651.5337386468264,1395.6420733240882,-0.733384282628387,6,5,0.21749269240488303,-1.0007920757457762,-0.2506691530890162,1475.8374892860904,157.0,112.0,161.0,220.0
Southern Miss,1717.7855094025135,1595.5589810253305,-0.372775571490625,7,5,0.312582248875397,-0.5086976184468617,0.17316877832435418,1503.831559456851,128.0,102.0,122.0,183.0
Southern Utah,1684.8594201155183,1411.8267251106904,-0.7482389678014765,7,4,0.26532423311375564,-1.0210631008564401,-0.21635655085464017,1478.3071876129018,154.0,107.0,159.0,225.0
St. Francis (PA),20.12131464118056,814.5324631051473,-0.3465147089955438,0,11,-2.1240339120876652,-0.4728614767270863,-1.4826624744727854,1349.9592106043483,264.0,264.0,248.0,179.0
St. Thomas (MN),1139.7086008431568,862.7176685821371,-1.36585089521571,6,5,-0.5171174891657396,-1.8638697132739008,-1.380506443505082,1390.6179052733944,255.0,181.0,239.0,257.0
Stanford,1751.0075297327794,2168.509862693198,0.7145013752849393,4,8,0.3602650072715294,0.9750240514180174,1.3878650202774143,1575.0212723116654,45.0,99.0,20.0,45.0
Stephen F. Austin,1845.1454631789895,1214.591361776007,-0.25803603343679593,10,2,0.4953788953434563,-0.35212155978432724,-0.634509419256662,1501.5151095885099,129.0,86.0,179.0,167.0
Stetson,31.92244755550746,814.5964023958579,0.9692520661242197,2,8,-2.1070960328148067,1.3226623615396713,-1.4825269186710153,1404.6745308320294,240.0,263.0,247.0,24.0
Stonehill,563.8679311023917,881.311363245104,1.1796973922387097,4,8,-1.3436076079771324,1.609840611390216,-1.3410865006203077,1454.2931079304437,194.0,240.0,236.0,14.0
Stony Brook,1102.3799644756828,981.3649116868675,-1.2413774806915192,6,6,-0.5706943737583299,-1.694010595963159,-1.1289659276795878,1398.065644879597,250.0,186.0,214.0,252.0
Syracuse,1558.3373057195413,2144.8083323603764,0.583123854772681,3,9,0.08373011714678992,0.7957434415465086,1.3376161058503933,1554.8111312207427,64.0,126.0,26.0,60.0
TCU,2438.36862290241,2142.9481346060943,-0.7361715228588503,8,4,1.3468176795859836,-1.0045956041304458,1.3336723555330217,1563.8764629660463,56.0,24.0,28.0,221.0
Tarleton State,2142.440548642906,1358.9431890116944,-0.3171572416022962,10,1,0.9220793064445533,-0.4327996408968593,-0.3284733738074969,1526.550508619172,96.0,53.0,164.0,176.0
Temple,1631.3610235179829,1805.1925779435526,1.045553666130212,5,7,0.18853928463135433,1.4267851774514686,0.6176067755614004,1564.5826550663398,55.0,117.0,84.0,21.0
Tennessee,2434.9177968670087,2049.276355140672,-0.2898457648670775,8,4,1.341864792841669,-0.39552980823073997,1.1350815825116394,1577.928977045394,43.0,25.0,46.0,173.0
Tennessee State,335.17658696309763,956.8410669313811,0.07124092968213987,2,10,-1.6718427364092945,0.0972169155836337,-1.1809582066268047,1395.705206514508,252.0,253.0,223.0,121.0
Tennessee Tech,1511.051630438054,1120.4289104138543,0.19098558564280183,7,2,0.015862136583577616,0.2606230665429099,-0.8341404512741653,1491.928989799983,139.0,134.0,193.0,109.0
Texas,2530.7017793818454,2137.2366887078865,1.2639542837740716,9,3,1.4793412151384033,1.7248193904190667,1.3215636877734476,1652.142916224961,3.0,18.0,32.0,10.0
Texas A&M,2767.0223196661077,2086.893854727034,0.4831035760787282,11,1,1.8185263433875787,0.6592536029968686,1.2148333323408909,1635.0005919061027,5.0,9.0,39.0,76.0
Texas Southern,812.8973956495124,815.6997300553899,0.13336838011964525,5,4,-0.9861816695943074,0.18199738000987958,-1.4801877862871449,1426.5470821948381,220.0,220.0,246.0,116.0
Texas State,1873.940257200942,1676.7678708499895,-1.6625846885325117,6,6,0.5367073634126999,-2.268799074308377,0.3453373471134258,1465.6781428836523,175.0,81.0,105.0,262.0
Texas Tech,2989.025046723536,1968.7074263717343,-0.19244698137385285,12,1,2.137161462273413,-0.2626173188084792,0.9642697762553667,1618.2649490745237,11.0,3.0,63.0,155.0
The Citadel,916.8623503345309,1358.3454290926095,-0.3992246140863263,2,8,-0.8369632967612031,-0.5447905548075568,-0.3297406669569356,1435.2133051785745,213.0,208.0,166.0,190.0
Toledo,2052.3757155136823,1489.3241983311827,-1.7411379042896102,8,4,0.7928114402703716,-2.3759944938397326,-0.05205644679029329,1467.3196082625207,168.0,64.0,144.0,264.0
Towson,915.4564549551924,922.5265750868217,-0.28942092123643093,6,6,-0.838981144232152,-0.39495005741107636,-1.2537073472979547,1421.128294120101,224.0,209.0,230.0,172.0
Troy,1759.383501898367,1686.895965686792,0.7142793654518844,8,5,0.3722868365622843,0.9747210919915315,0.3668096218407027,1555.1921670246743,63.0,97.0,103.0,46.0
Tulane,2363.8760072180457,1918.29523475497,0.6146534816411463,11,2,1.2399002386638993,0.8387694532413491,0.857392377747411,1604.3059430853837,21.0,33.0,71.0,56.0
Tulsa,1493.6903523315675,1764.1593257395562,0.18385066101583136,4,8,-0.009056083957196787,0.2508865938684149,0.5306133894927498,1517.6860614080476,113.0,136.0,91.0,110.0
UAB,1410.6257675360005,1905.0329810559188,1.7424088541841032,4,8,-0.1282766638228276,2.37772885959205,0.8292754653845742,1581.5035419043115,38.0,144.0,72.0,1.0
UAlbany,572.9832677548836,1227.3463007027508,0.5319031648408367,2,9,-1.3305245868068571,0.7258465787254166,-0.6074680499589048,1443.0998070222415,204.0,237.0,176.0,66.0
UC Davis,1891.8067616002209,1547.2178035347895,-0.47801305811926387,8,3,0.5623507229731699,-0.6523069719387076,0.07068207569739994,1509.9619685044452,123.0,80.0,131.0,202.0
UCF,1821.9813408743428,1947.1044888063864,0.05891733890091644,5,7,0.46213199354968776,0.08039987669867092,0.9184700263721188,1543.8879965058868,74.0,91.0,64.0,122.0
UCLA,1835.5738563915365,2369.563197148468,0.9251311255522788,3,9,0.4816410007370554,1.2624539704618074,1.814112256487304,1598.237914280453,25.0,87.0,1.0,29.0
UConn,1934.1482806076954,1497.8078566143104,-1.283058623405374,9,3,0.623122476192505,-1.7508895860426228,-0.03407049343155007,1477.9480263597156,155.0,73.0,141.0,255.0
UL Monroe,1121.0504832411568,1634.071601924552,1.1598495366260675,3,9,-0.5438970319177583,1.5827557977554196,0.2548182484113304,1525.3841873050012,98.0,185.0,115.0,16.0
UNLV,2089.1644404355566,1704.6920648776274,-0.24879398479974124,10,3,0.845613403086384,-0.33950966004948097,0.4045386061222259,1540.1861524752792,79.0,60.0,99.0,166.0
USC,2678.9849282311584,2178.730047729766,-0.5219409219065277,9,3,1.6921684150049365,-0.7122518862545355,1.409532532717303,1591.431514816957,31.0,14.0,18.0,205.0
UT Martin,949.6380322641489,1106.6168388501399,0.8862750317950316,5,5,-0.7899211570243043,1.2094301033735726,-0.863423016252844,1479.5183849249352,153.0,202.0,196.0,31.0
UT Rio Grande Valley,1422.3018603992334,1232.1809370597348,-0.6408234557587411,4,3,-0.11151825149649673,-0.8744815667127418,-0.5972182802108544,1456.2452748195758,189.0,143.0,175.0,214.0
UTEP,1122.0654733365218,1567.583189553329,-0.904646000014793,2,10,-0.5424402413008533,-1.2344995244855477,0.11385812909770439,1438.120164782345,210.0,184.0,127.0,235.0
UTSA,2021.53510135923,1901.6011333776912,-0.9336282503831479,6,6,0.748546656283849,-1.2740493310371381,0.8219997064825837,1515.64584701273,116.0,66.0,73.0,239.0
Utah,2815.3010903344657,2062.7200685957337,-0.7326491150589641,10,2,1.887819689624694,-0.9997888501582481,1.1635832023437274,1587.6689830233618,33.0,7.0,44.0,219.0
Utah State,1866.7572643571964,1827.6650079727972,-0.07372407725640412,6,6,0.5263977883499985,-0.1006054725436009,0.6652499107366429,1536.6067234559248,88.0,82.0,83.0,139.0
Utah Tech,786.3280646865854,1441.4569384400547,0.7731089067849313,2,10,-1.024315984619633,1.0550011582275636,-0.15353841071202626,1477.3634673016047,156.0,225.0,151.0,43.0
VMI,206.03377362647097,1105.6139064881397,-0.34907083784429777,0,11,-1.8571982778757852,-0.47634962551485405,-0.8655493035316214,1375.5386112701326,260.0,258.0,197.0,180.0
Valparaiso,186.3719548756435,947.8932430965205,-0.11139247662597734,1,7,-1.885418408494095,-0.15200858614727508,-1.1999282236625124,1377.1702575176269,258.0,259.0,226.0,144.0
Vanderbilt,2690.4880941720107,2031.6304580122312,-0.5207541849986238,10,2,1.708678629522161,-0.7106324393676063,1.0976710371863376,1586.0683790388066,34.0,13.0,49.0,204.0
Villanova,1698.0878809302649,1177.1235654326317,0.3909359946717239,10,2,0.28431072143420316,0.5334797252390835,-0.7139437876619861,1515.941052075643,115.0,106.0,186.0,86.0
Virginia,2411.1761237275095,1933.560441800302,-0.997695843963589,10,3,1.3077889463706658,-1.361477356815945,0.8897556923418881,1542.3402404608928,76.0,29.0,68.0,242.0
Virginia Tech,1671.9144392396738,2198.0127430125463,1.3090604254183862,3,9,0.2467446166602939,1.7863722082178228,1.4504132054663104,1594.9366611888756,29.0,109.0,14.0,9.0
Wagner,572.7135307165075,819.0781003098746,0.4533641224491438,5,7,-1.3309117338227072,0.6186705004754607,-1.4730254032917602,1422.5540202572934,222.0,238.0,244.0,80.0
Wake Forest,2167.2965819926644,1923.3168305358986,0.17719945680423344,8,4,0.9577545670434097,0.2418102165491766,0.8680385146482655,1572.5028051416111,47.0,50.0,70.0,112.0
Washington,2530.2979287125327,2131.403770512428,-1.0239716912769896,8,4,1.4787615780873895,-1.397333947143341,1.3091974901841916,1558.2020102937531,61.0,19.0,33.0,244.0
Washington State,2162.22239821406,1996.9924110708505,-0.736648353671125,6,6,0.9504717143822081,-1.0052462977840997,1.0242359369107106,1537.8509155238016,84.0,51.0,56.0,222.0
Weber State,1207.9303570148074,1651.1462702285573,0.36031574206078765,4,8,-0.4192004605036047,0.4916946653513374,0.2910177483773561,1499.611171902907,132.0,171.0,111.0,91.0
West Georgia,1528.7230535103586,1290.554387477566,0.49300739801984855,7,3,0.04122550065643911,0.67276857291516,-0.47346245205685183,1512.7750831791398,120.0,132.0,170.0,74.0
West Virginia,1824.757315356641,2163.451033858285,1.3189250209246322,4,8,0.46611628226053003,1.7998336488935167,1.3771399466784964,1604.843622513402,20.0,90.0,22.0,8.0
Western Carolina,1267.512993062446,1060.4931908136086,-0.3924400680117405,7,4,-0.33368295100175266,-0.5355322162941608,-0.9612084001797297,1448.025717957493,200.0,160.0,205.0,187.0
Western Illinois,797.4475502228195,1184.3095011170321,-0.1820081828045056,3,7,-1.0083564572626977,-0.2483723081967605,-0.6987090976561899,1428.1568259378384,218.0,223.0,184.0,154.0
Western Kentucky,1775.5148407732277,1531.4659138807547,0.054553410723639395,8,4,0.39543975521471714,0.07444476579379819,0.037286959678524564,1522.7510699281204,105.0,96.0,136.0,126.0
Western Michigan,1906.45332203794,1629.4389656744518,0.13828918570575777,9,4,0.5833725752188587,0.18871241788772616,0.24499673312375247,1539.7299359600497,80.0,79.0,118.0,115.0
William & Mary,1129.8678197338693,975.6459809204372,-1.076264342419743,7,5,-0.531241723134614,-1.4686936314494252,-1.1410904638872126,1406.5552956220422,238.0,183.0,215.0,246.0
Wisconsin,1950.3671322802645,2361.7633666718352,0.7021685297586254,4,8,0.6464009998366941,0.9581943833074645,1.7975760662640572,1597.0174028163399,26.0,72.0,2.0,49.0
Wofford,1157.1144720377408,973.6471080200249,-1.2498233622053927,6,6,-0.4921352652493499,-1.7055360287982875,-1.145328215286084,1401.3205915678623,245.0,177.0,216.0,253.0
Wyoming,1408.5058365988307,1703.9486762305016,-0.07955505200519253,4,8,-0.13131934917695892,-0.10856254697332128,0.40296256980765444,1498.2364075281055,133.0,145.0,100.0,140.0
Yale,1667.6164044119587,1205.2438721779404,-0.2622293000841822,9,3,0.24057575172580956,-0.3578437822693156,-0.6543267558726983,1488.206939000757,143.0,111.0,181.0,169.0
Youngstown State,1529.7736161427401,1417.6525955271445,0.5142411130800195,7,5,0.0427333476712162,0.7017445603670628,-0.20400529505349357,1519.1088982935028,111.0,130.0,158.0,71.0
