team,elo,sos,waa,avg_game_rating,wins,losses,elo_z,waa_z,sos_z,hybrid_score,hybrid_rank,elo_rank,sos_rank,waa_rank
Indiana,2929.7022751359746,2046.5930372141481,11.071303881862717,87.24767418575375,13,0,2.482292688110873,2.5160943412115246,1.349079363125307,99.98387029322399,1,1,27,1
Ohio State,2799.55636300886,2055.3331153430368,10.090394653220741,83.71250350964227,12,1,2.2563293867445577,2.2891687174860658,1.371088611509959,95.45498104230624,2,2,23,2
Oregon,2752.265762889875,2099.820485953139,9.24041920383072,81.70282250997569,11,1,2.1742220047159693,2.092533592265363,1.4831166249096859,92.66755596981332,3,3,15,5
Georgia,2627.3334310709065,2081.549059377489,9.906027588596347,76.13313729978245,12,1,1.9573106804660498,2.2465168492879806,1.4371055527070002,92.0382752975403,4,5,16,3
Texas A&M,2598.349321693174,2000.5576536525562,9.278322198115948,75.16295325620155,11,1,1.9069875859092413,2.1013021514430004,1.2331531464086802,90.08289737352243,5,7,39,4
Texas Tech,2709.802008456966,1873.8143481968993,8.22430624535061,79.12771121501167,12,1,2.1004951393596696,1.8574638629308238,0.9139883918460048,89.57959002290494,6,4,65,11
Notre Dame,2623.1429155664073,2053.098500116684,8.541553057790917,76.21641064983233,10,2,1.9500349796595693,1.93085641413314,1.365461407629669,88.80891393792709,7,6,24,8
BYU,2560.4585591431633,2064.514810404337,9.010756494285562,73.55257486233268,11,2,1.841200488511015,2.039402933394749,1.3942099388271991,88.80603421905764,8,10,21,6
Ole Miss,2596.0524870160943,1963.9640829296275,8.506323899655316,75.06530610608976,11,1,1.9029997515021293,1.922706425887732,1.1410032851093657,88.25706177389861,9,8,47,9
Oklahoma,2568.5207878775063,2132.7003367364027,8.55854949913483,73.8951625617393,10,2,1.855198375893011,1.9347884069623036,1.5659146036082086,87.89986782855316,10,9,7,7
Miami,2557.0873728923275,1970.2596192098497,7.945160166353307,73.40953253234346,10,2,1.8353473321397602,1.7928856163027662,1.1568566927863535,86.28232948442528,11,11,45,12
Alabama,2536.6141215375765,2102.337110598235,7.888888068531312,72.46855129605312,10,3,1.7998010488165967,1.7798675097096872,1.4894539843803962,85.79668558526282,12,12,12,14
Utah,2524.102235182376,1949.3769874221023,7.904014444115272,72.00752418090346,10,2,1.778077530183296,1.7833668775552194,1.1042700885061694,85.61444407738517,13,13,50,13
Vanderbilt,2515.2381064618435,1972.7989323219738,7.601009951186384,71.6312653493082,10,2,1.7626873595917592,1.713269174789492,1.1632511863122654,84.75956534381251,14,14,44,16
USC,2489.994223087636,2108.6354022388246,7.546437492012825,70.55837207688444,9,3,1.7188581594784982,1.7006442662101966,1.5053143306007035,84.19502425688694,15,15,9,17
Michigan,2426.4463822577154,2102.2789276401268,7.7628919541281896,67.85800001787578,9,3,1.6085244603715687,1.750719301075238,1.4893074681641936,83.59243761446807,16,16,13,15
Tulane,2271.695571874616,1896.4845691489973,8.322293441867533,61.28248343656882,11,2,1.339841384339766,1.8801324290299484,0.9710764998138802,82.19973813369714,17,25,62,10
North Texas,2333.256317275294,1785.192777471501,7.390995574958922,63.898300349472144,11,2,1.4467250277670138,1.664684003068037,0.6908217183255128,81.11409030835051,18,21,83,18
Virginia,2241.7261753010425,1861.6436187439758,7.291379735800279,60.00887886374329,10,3,1.287807604107724,1.641638663322069,0.8833400837185976,79.29446267429793,19,30,71,19
Arizona,2319.052942614614,1944.2073344022865,6.662606130266623,63.294428983931454,9,3,1.422064695556693,1.4961768423385193,1.0912518779481297,79.18241537895211,20,22,52,21
Texas,2387.045653696713,2049.956230517321,6.044167424230999,66.17586043137732,9,3,1.540115713939438,1.353105918949009,1.357548550206194,78.93221632888446,21,17,26,30
James Madison,2266.8122749528834,1628.6007905255474,6.92129036240776,61.07475905648157,12,1,1.33136285531068,1.556021401868089,0.29649206990417853,78.87384257178769,22,27,102,20
Washington,2338.101740634272,2034.411017648015,6.1245195696358765,64.1038901163782,8,4,1.4551377995615116,1.3716947548792455,1.3184026242559483,78.26832554440757,23,20,30,29
Iowa State,2258.818846020864,2016.952051305528,6.56990148396635,60.73482682730972,8,4,1.3174844202434919,1.4747303526229905,1.2744374878916653,77.92214772866483,24,28,34,24
Illinois,2307.9422321721895,2076.89538265866,6.182991833638371,62.8224175679164,8,4,1.4027739412712774,1.3852218525881497,1.4253866727043105,77.87995793859426,25,23,20,28
South Florida,2339.1925205218695,1870.294680538027,5.773242302226805,64.15056107800127,9,3,1.4570316448651177,1.2904295259673526,0.905125171335481,77.4746117083247,26,19,67,31
Iowa,2362.3478306044135,1998.194914677808,5.579008269353415,65.13401928480413,8,4,1.4972346003394472,1.2454950123839423,1.227203301545,77.42729612723389,27,18,40,33
TCU,2218.693611251146,2006.8751695128565,6.584878373612231,59.02995766464222,8,4,1.2478177640383532,1.478195138074203,1.2490619030230798,77.26012902112556,28,32,37,23
Georgia Tech,2221.970523447417,1904.6360225592632,6.509727422750571,59.16926492826178,9,3,1.253507238921234,1.4608095575333273,0.9916034745338732,77.14316796454561,29,31,59,25
Houston,2193.633045102324,1894.9132688075767,6.641099118144824,57.96510499638501,9,3,1.2043068448819692,1.4912013644882731,0.9671196542352458,76.95508209370243,30,35,63,22
Arizona State,2196.7904958509343,2059.37388950773,6.3696630917358235,58.09921150542424,8,4,1.209788907156508,1.428406777796802,1.3812640814480435,76.3819568495331,31,34,22,26
LSU,2254.6367572861486,2139.1682219426425,5.392052301269677,60.55758589973999,7,5,1.3102233502516802,1.2022442217625362,1.5822020200280944,75.12467572014216,32,29,6,36
Missouri,2287.9743862208447,1948.1988309258904,5.096575194057593,61.97420079898238,8,4,1.3681051582215802,1.1338879203914844,1.1013032570226602,75.01993078613066,33,24,51,42
Tennessee,2267.834346045004,1985.7936845020188,5.132307087856342,61.118193895327316,8,4,1.3331374063083412,1.1421542125726671,1.1959745469287195,74.75291618881008,34,26,41,41
Duke,2118.4471277238727,1969.750273791278,6.237989488538289,54.77020266881378,8,5,1.0737667623744498,1.397945126849602,1.1555740601066897,74.71711889224052,35,41,46,27
Navy,2168.3584854333203,1757.1926344250517,5.4877298071256595,56.89142963140021,9,2,1.1604243836502255,1.2243784591199762,0.6203118105160907,73.84802842770202,36,37,89,34
Pittsburgh,2180.8441431518245,1914.7269244774789,5.350471953530477,57.42177689803328,8,4,1.1821023633246652,1.1926249358287064,1.0170143648563614,73.74727299153372,37,36,56,37
SMU,2145.539671747536,1859.7787468120052,5.456703564530661,55.92160924534162,8,4,1.1208056634812311,1.2172007822798117,0.8786439667101419,73.38006445761042,38,39,72,35
Louisville,2168.3334272553743,1919.0275728435565,5.166828604680619,56.8901919392132,8,4,1.1603808768775397,1.1501404935745736,1.0278442495219449,73.10521370452113,39,38,55,40
NC State,2131.695417076403,2013.9548433396596,5.046519151432266,55.33340422919635,7,5,1.0967688463479366,1.122307849206196,1.2668899244021339,72.19076695554133,40,40,36,43
Boise State,2073.7707259967747,1813.9906756451119,5.252711685029038,52.87193964778626,9,4,0.9961982313124621,1.1700088677385216,0.7633405316029303,71.66207099050985,41,47,79,38
Penn State,2216.4319549312945,2102.83655040838,4.106742237239213,58.93368022210569,6,6,1.2438910073678053,0.9048978624418816,1.4907116727754608,71.48788869809687,42,33,10,55
Wake Forest,2066.4156991146747,1862.3025227442276,5.189280679049398,52.55923885945344,8,4,0.9834282093520792,1.1553346041316934,0.8849993345387075,71.38762813483773,43,49,70,39
UNLV,1992.8899767286318,1673.4271450936626,5.588703661928895,49.43492081714461,10,3,0.8557706080171538,1.2477379650886486,0.4093737120724703,71.03508573105802,44,60,97,32
East Carolina,2104.1421018977085,1765.0417537115925,4.556930207925516,54.162673474615055,8,4,1.0489299403108159,1.0090453034677174,0.6400774480116225,70.57975243778533,45,43,87,46
Nebraska,2068.0123651382414,1908.1793011259579,4.599053324795301,52.62709475511217,7,5,0.9862003895916873,1.018790154764682,1.0005261519882809,70.04990544356369,46,48,58,45
New Mexico,1996.0667210367171,1728.5376084454413,4.86970451465815,49.56992286347409,9,3,0.8612861683580003,1.0814031757031175,0.54815277773018,69.42689344061118,47,58,92,44
Clemson,2041.8448376844603,1866.805278502415,4.448159282480336,51.51535390839242,7,5,0.9407675304614299,0.9838820066211628,0.8963381656608003,69.24649537082593,48,53,68,48
Kansas State,2053.10912694878,2032.1166014086896,4.3581871502015765,51.99366120474463,6,6,0.9603249329807255,0.9630676625013368,1.3126248295767244,69.23392595482062,49,51,31,49
North Dakota State,2078.990733673222,1342.2397069320514,4.162814240717169,53.09161485404536,12,1,1.005261367821702,0.9178696787845491,-0.42462187479561786,69.23131046606251,50,44,166,53
Memphis,2038.574856635344,1748.6879498020123,4.461087574904148,51.37661964806593,8,4,0.9350900896476,0.9868728652412211,0.5988953296172634,69.21962954888821,51,55,90,47
Cincinnati,2064.3869152011926,1899.7018692473275,4.156926930093817,52.4729976446955,7,5,0.9799057728547919,0.9165076958443751,0.9791782988994131,68.96413468699167,52,50,61,54
Montana State,2106.240335200379,1520.5241241246297,3.742741380080553,54.24984061441006,10,1,1.0525729569554347,0.8206891312612319,0.024333610869279744,68.73262088216666,53,42,137,57
Northwestern,2076.800498237168,2019.6472176519399,3.5348269869644366,53.00063528948222,6,6,1.001458614267546,0.7725897740916647,1.2812244507404378,67.7404838835921,54,45,33,59
Minnesota,1967.5244612530157,1935.8473220394033,4.319387916430649,48.35710646249161,7,5,0.8117302265403203,0.954091765378086,1.0701997104640326,67.65821991918406,55,63,53,51
San Diego State,1995.4198631824813,1613.606072743928,4.0606993671099865,49.54250216511729,9,3,0.8601630740258857,0.8942462071030383,0.25873239965333833,67.54409281128923,56,59,110,56
Old Dominion,2050.4833756036032,1647.5430375421704,3.4716645202646954,51.88241844376295,9,3,0.9557660234243215,0.7579776349320394,0.3441924008856933,67.13743658356361,57,52,99,62
Kennesaw State,1880.4581876469354,1614.044544792433,4.351177409215572,44.65727787414709,10,3,0.6605631072651698,0.9614460141378026,0.2598365591451598,66.22009121402972,58,73,109,50
California,1877.6804404733346,1811.5172778937801,4.262777921152042,44.53955285836654,7,5,0.6557402979164233,0.9409954888699342,0.7571120260151865,65.96735786786357,59,74,80,52
Kentucky,1981.453201356459,2115.2865301921265,3.2548770861990866,48.94902398719703,5,7,0.8359137298575305,0.7078255696290268,1.522063188563251,65.43739299486558,60,62,8,64
Florida,2041.7191665206449,2215.910322780917,2.772267665580175,51.50995271898765,4,8,0.9405493363545374,0.5961776815350901,1.7754538347146012,65.36727017889628,61,54,4,72
Auburn,2075.497905530229,2080.4783392961504,2.5127881660044324,52.94520966729508,5,7,0.9991970130878783,0.536149143148602,1.4344092674023274,65.3534615623648,62,46,17,77
Army,1911.3949619191696,1847.7191972079602,3.493016737972049,45.97212965556452,6,5,0.7142764781573019,0.7629173023137718,0.848275631470076,64.77193780471075,63,69,76,61
UConn,1893.267084358076,1530.3834977096888,3.5221867740153296,45.20150255148089,9,3,0.6828023043356284,0.7696655603889657,0.04916146697658357,64.52467864724595,64,71,134,60
Montana,1921.0266436973711,1380.21984424956,3.3056726402621295,46.379607011476445,11,1,0.7309992977736912,0.7195767209605262,-0.32898036409318143,64.50576018734218,65,67,162,63
Florida State,2004.9588158112153,1962.4904543910445,2.6168740585064016,49.94798592412539,5,7,0.8767248944652428,0.5602285945263109,1.1372923964818165,64.36953488991554,66,57,48,74
Tarleton State,1944.6929528270125,1344.4663034933928,3.0666568787099857,47.38590942714188,10,1,0.7720894653762385,0.6642823071792153,-0.4190148635025498,64.36371772555454,67,65,165,66
Mississippi State,1986.6355089402812,2037.4022358198145,2.708781341526157,49.169457136728276,5,7,0.8449114103163099,0.5814906205274778,1.3259351042572671,64.26402030843788,68,61,29,73
Western Michigan,1872.716014381767,1618.2912722819744,3.559053314039109,44.32798228297054,9,4,0.6471209099486782,0.7781943440370491,0.2705306603603775,64.25315253985728,69,76,107,58
South Carolina,2012.1341008462457,2159.6610362181755,2.1689821191327905,50.252887482255424,4,8,0.8891828431496102,0.45661232225953285,1.6338069865786733,63.45795165409143,70,56,5,85
Wisconsin,1967.2912336275115,2259.3747641579025,2.4047765472630167,48.34722172526093,4,8,0.8113252896247659,0.5111615059271374,1.8849059096341942,63.22486795551903,71,64,1,80
Baylor,1874.7812873517955,1982.809925457899,3.0419881205227677,44.41609418158032,5,7,0.6507066998586558,0.6585753842808376,1.1884608504887617,63.09282084139493,72,75,42,67
Washington State,1901.9915448004374,1902.451070349827,2.7899161789121094,45.572406372230624,6,6,0.697949978603494,0.6002605260825116,0.9861013319698237,62.982105046860056,73,70,60,71
UTSA,1924.851195251694,1864.0465588506813,2.6158189849629183,46.544068959329785,6,6,0.737639600809997,0.5599845115725164,0.8893911629975249,62.97624112382513,74,66,69,75
Rutgers,1881.2164932408955,2001.5478814005994,2.854842533922377,44.68941654675453,5,7,0.6618797005615341,0.6152807269091706,1.2356467360703127,62.771604274707045,75,72,38,69
Kansas,1919.0319477201333,1975.6737595258808,2.527367819315654,46.29630794997201,5,7,0.727536045790805,0.5395220311026997,1.170490570796096,62.67058076893505,76,68,43,76
Hawai'i,1798.4550386517692,1622.125581974309,3.1342582093687996,41.172852099927134,8,4,0.5181867393368136,0.6799213425522035,0.2801862118506247,61.98108081889017,77,81,105,65
Fresno State,1784.9105022274032,1564.3246362526436,3.033937860022162,41.25998460629709,8,4,0.4946703021633066,0.656713019923453,0.13463197852506117,61.513833220867596,78,83,127,68
South Dakota,1768.5244481880043,1526.439958246131,2.836808284999935,39.898874546655925,9,3,0.4662203354559926,0.611108645471206,0.03923085328089626,60.773289809271986,79,84,135,70
Toledo,1864.4277806420566,1482.2372035202022,2.070207701435685,43.97584494103385,8,4,0.6327306257844592,0.43376163874107265,-0.07208044093204424,60.664922645255324,80,77,143,86
Michigan State,1844.4045249924623,2078.4326136892137,2.177892598178555,43.125186487521354,4,8,0.5979656387269715,0.4586736914016625,1.4292577250080907,60.56639330128634,81,78,19,84
UCLA,1812.2767742712153,2251.610764785862,2.395385242032571,41.76022261679147,3,9,0.5421844582058626,0.508988901434502,1.8653546209480316,60.511733596403644,82,80,2,81
Utah State,1823.0801311038572,1778.105230902169,1.784824191424209,42.21939184546944,6,6,0.5609415757813864,0.36774041157821535,0.672973871820959,59.286819873596016,83,79,84,93
West Virginia,1745.6981628722522,2027.6669059851147,2.3499487037445057,38.93085477814745,4,8,0.42658864281520475,0.49847751619122155,1.3014196148899353,59.25066159006426,84,91,32,82
Troy,1714.009499764466,1625.2897799397458,2.483769457021993,37.5993492127666,8,5,0.3715698195983324,0.5294358933969766,0.288154289244501,59.01005712995308,85,95,103,78
Western Kentucky,1735.0798924627227,1530.6480230033978,2.2973831699509146,38.47987064413954,8,4,0.4081528779316018,0.4863168939906467,0.04982759407606827,58.94469771922249,86,93,133,83
Stanford,1761.6993230997844,2042.5911027975908,2.0239031354561785,39.611202281153034,4,8,0.45437034514922114,0.4230494421285649,1.3390016993682787,58.77419787277786,87,86,28,88
Illinois State,1705.953357550017,1451.1208368064329,2.4098979551601722,37.77703004632989,10,4,0.3575824998177815,0.5123463033043866,-0.15043761734762232,58.69928803122168,88,98,145,79
UCF,1767.9549169399313,1857.9722763318005,1.9093568201580693,39.87665830533555,5,7,0.46523149793553215,0.396550054330508,0.874094916128208,58.61781552266039,89,85,73,90
Ohio,1759.8136854403208,1546.8999242743632,1.7536131899984655,39.530497243475466,8,4,0.4510964435433307,0.36051999223784625,0.09075310143660707,58.11616435781177,90,87,131,95
Louisiana Tech,1750.37062370653,1599.92224496925,1.766885487933302,39.1297191093043,7,5,0.43470111179991655,0.3635904338232544,0.22427381016427805,57.98291545623171,91,89,117,94
Missouri State,1677.5833289644822,1634.1794073371257,2.0457058755020396,36.03671143185918,7,5,0.30832559105845836,0.42809333430468477,0.3105401323171439,57.36418925363143,92,102,101,87
Virginia Tech,1726.6222497478195,2079.7956872210275,1.6301615900243809,38.12058872005388,3,9,0.3934684607386155,0.331960436974196,1.4326902142245286,57.25428897712811,93,94,18,98
Temple,1711.07397616702,1817.5370938563349,1.7404274304032479,37.45989427482499,5,7,0.36647307401119666,0.3574695706156731,0.7722711153043124,57.2394264462687,94,96,78,96
Colorado,1751.6844284037938,2102.5711685473902,1.4203375080706866,39.18544537042177,3,9,0.43698217957908997,0.2834192883340879,1.4900433886698534,57.204014679131774,95,88,11,105
Maryland,1743.2662993167107,1952.4430897114726,1.2555542734847038,38.82758653561632,4,8,0.4223663671516722,0.2452979849595724,1.1119911415521886,56.676643521112446,96,92,49,109
Jacksonville State,1644.792257064427,1507.5653551212422,1.9575608436963836,34.643239452132335,8,5,0.25139273207907165,0.4077016754878019,-0.008299136979068056,56.59094407566873,97,106,139,89
UC Davis,1707.0340993692569,1494.012428305888,1.4840437250635883,37.286828039759534,8,3,0.3594589167209998,0.29815721984108184,-0.042428091917376676,56.57616136562082,98,97,140,102
Southern Miss,1647.5448351650382,1563.7698105828697,1.8642043412779845,34.85590306889937,7,5,0.25617184211577576,0.3861043839938151,0.1332348175619489,56.422762261095905,99,105,128,92
Miami (OH),1664.473230176336,1596.523782889826,1.5958309595810367,35.47922004217423,7,6,0.2855634377569038,0.3240183160329651,0.21571580931705056,56.09581753789869,100,103,118,99
North Dakota,1699.3471061315815,1461.9533390676404,1.3059826903524276,36.95962566195529,8,6,0.3461125246509274,0.2569642019927618,-0.12315923042952558,56.03076726643689,101,100,144,107
Florida International,1639.2015302263524,1575.9391094958664,1.697825893500914,34.950431638149446,7,5,0.24168594165652843,0.34761404061254597,0.16387952330639016,55.89299982269075,102,107,123,97
Stephen F. Austin,1703.8155485841505,1220.066347445005,1.1325929867645055,37.151203609482046,10,2,0.35387077069988276,0.21685185980516178,-0.7322785999740782,55.70722630505045,103,99,188,111
Texas State,1693.4592050208153,1624.006891616482,1.1169736822660965,36.71146672440102,6,6,0.3358897711939638,0.21323845673792138,0.28492372227014484,55.49128227931885,104,101,104,112
Rice,1588.491037880232,1852.204436677076,1.870688913377458,32.25123806202031,5,7,0.15364083845537055,0.38760453867204453,0.8595703531058159,55.41245377127416,105,114,74,91
Arkansas,1785.7508086537953,2099.932224710347,0.3728489871911916,40.63337915636029,2,10,0.4961292678055116,0.04109106977412432,1.4833980052389366,55.37220337579636,106,82,14,125
North Carolina,1630.1059633902098,1847.996058169896,1.4575131523883271,34.01914296041606,4,8,0.22589394115108538,0.29201958082583646,0.8489728222261997,55.17913521976922,107,108,75,104
Villanova,1649.6813084761368,1221.6273785901092,1.285478412124108,35.31542012746936,10,2,0.2598812522291364,0.252220698730545,-0.728347614266386,55.12101950959681,108,104,187,108
Abilene Christian,1607.4955321214288,1445.1903612114434,1.5641889563120366,34.29058505564856,9,5,0.18663702088900455,0.3166981878110278,-0.16537172989037108,55.033352087000324,109,112,148,100
Georgia Southern,1603.5192852304915,1685.444112025608,1.5367596536213912,32.88950099409616,6,6,0.17973333978339914,0.3103526346857437,0.43963481570736046,54.900859744691424,110,113,95,101
Purdue,1748.8829265412328,2225.1698621327814,0.40710368631039634,39.06631445640472,2,10,0.43211812661498394,0.04901562460160332,1.7987711893786331,54.81133751216588,111,90,3,124
UAB,1572.7388327696137,1871.4495135869502,1.3465868140039696,31.581833215845894,4,8,0.12629137958709571,0.2663576461733292,0.9080332697576842,53.92649025760426,112,120,66,106
South Dakota State,1619.3480377955577,1490.997732455074,0.8026238199371161,34.860038783870046,7,5,0.20721570267636105,0.1405160921254742,-0.05001969336604537,53.47731794801835,113,110,141,114
Florida Atlantic,1581.9152864222135,1796.414341589977,1.0709556240141123,31.971782778561224,4,8,0.1422238182498728,0.20259254143144248,0.7190798400843447,53.44816359681316,114,117,82,113
Arkansas State,1558.6093848282576,1601.7572294382944,1.184312264722,31.576063316077036,6,6,0.10175940120122104,0.2288167073837531,0.22889466461953603,53.305761085849745,115,126,115,110
Lehigh,1619.643682419715,1046.115841094836,0.6961912174748579,33.57110773033773,10,1,0.20772900988835058,0.11589374788276631,-1.1703204394677542,53.236227577711176,116,109,223,117
Syracuse,1612.4711112738498,2014.5638008738367,0.7423331722999134,33.629523868244185,3,9,0.19527577314111028,0.12656832568552998,1.2684234001248633,53.218440988266394,117,111,35,116
Coastal Carolina,1515.2957312854626,1690.2819513363713,1.4602344653479735,29.140754698604656,6,6,0.02655691509311015,0.2926491351441039,0.4518174536043469,53.19206050237214,118,133,94,103
Central Michigan,1586.4494481832028,1486.5597831327907,0.6319355657993069,32.16369924579228,7,5,0.15009616816618324,0.10102870898966981,-0.061195329042548006,52.51124877155853,119,116,142,120
Louisiana,1563.1904862211272,1610.3982704901102,0.7867740478344727,31.176012492009416,6,6,0.10971324913780163,0.13684937219331672,0.25065451802207883,52.46562621331118,120,125,113,115
Yale,1574.7943905679692,1235.075855552057,0.6347768610519335,31.665038498440065,9,3,0.1298603017197557,0.10168602026635454,-0.6944816847534178,52.3154632198611,121,119,184,119
Tulsa,1572.108013804477,1763.5747318095273,0.464043441508425,31.554953173237113,4,8,0.1251961324633323,0.06218818846969566,0.6363831962037862,51.87384320933028,122,122,88,122
Air Force,1567.80063754319,1709.1796565212874,0.47429297410084675,31.371550270167365,4,8,0.11771753444730979,0.06455933710253071,0.4994056194286297,51.8227687154984,123,124,93,121
Marshall,1586.8437025359437,1677.2262430557814,0.27817823510383716,32.18104225847801,5,7,0.1507806845959915,0.019189736971165827,0.4189405934495971,51.699704215671574,124,115,96,126
Idaho State,1571.3034453712335,1591.9438539094604,0.2395872751374578,31.861341377001484,5,6,0.12379921621464325,0.010262022352088476,0.20418264073131973,51.34061238566731,125,123,119,129
Austin Peay,1572.414590815256,1418.6674392029208,0.20095571239503143,31.5670073092473,6,4,0.1257284208183516,0.0013249146005882434,-0.23216170244712087,51.270533354189396,126,121,157,131
Southern Illinois,1580.7966092593274,1429.6267778863632,0.13659230825054758,31.922269052654645,6,5,0.1402815368461975,-0.013565051977462751,-0.2045639162879623,51.267164848687344,127,118,153,133
Southern Utah,1558.6000065033707,1373.07844572612,0.23682388095691265,31.43404148145565,7,4,0.10174311826756524,0.00962273287482697,-0.34696382048777147,51.11365851142392,128,127,163,130
Youngstown State,1524.1946413925011,1427.1890846034112,0.46264109933186826,29.516677796991655,7,5,0.042007474188539194,0.06186376765296807,-0.2107025109502633,51.038712418415074,129,131,155,123
Delaware,1490.880661688069,1547.2036877574365,0.6594064710772553,29.19478316756128,6,6,-0.01583327326660556,0.10738388654583567,0.09151803807110324,50.9155061327923,130,136,130,118
Tennessee Tech,1519.4171876515018,1198.4634172653516,0.2674852007988793,29.314621092392013,7,2,0.03371271331747408,0.016715987710462357,-0.7866790583165189,50.50428701027936,131,132,191,127
West Georgia,1511.2407012694116,1275.9828688082368,0.24634703500275182,28.96730946915191,7,3,0.01951644832323239,0.011825839552370982,-0.5914697205406915,50.313422878756036,132,134,173,128
Harvard,1533.114120258835,1058.9881572581007,0.08192182887723867,30.700838610631106,9,2,0.057493745391090464,-0.026212636757895185,-1.137905396999583,50.312811086331955,133,128,217,135
Boston College,1528.2781425000835,1911.3012542451045,0.10293400082668414,29.69217016407492,2,10,0.04909737333574475,-0.021351636283818837,1.008387848489302,50.27745737051926,134,129,57,134
Sacramento State,1526.1376304753483,1294.28803931747,-0.26091886204953263,29.599951336668152,7,4,0.04538095108460973,-0.1055261301529309,-0.5453736744276177,49.398548209316786,135,130,169,137
Alabama State,1457.1357805511418,896.1382354380972,0.1695009029870197,26.669742691848995,6,1,-0.0744221649289612,-0.005951907796077964,-1.5479937653072637,49.19625927274961,136,139,254,132
Mercer,1492.6703339312328,1155.9989024693862,-0.18488554143204894,30.064029831020722,9,3,-0.012725989742909796,-0.08793642031920088,-0.8936131199914308,48.9933758993789,137,135,198,136
SE Louisiana,1488.3444088511185,1244.206769830847,-0.5708351750072869,28.098551180050094,7,4,-0.020236792783816966,-0.17722282804005224,-0.6714882335076442,48.025403791761306,138,137,180,141
App State,1463.2633710787645,1610.8416744383012,-0.537008257687817,26.92968610176142,5,7,-0.06378325539724859,-0.16939723716243602,0.2517710970144581,47.66819507440316,139,138,112,140
Nevada,1418.572878678957,1769.8754730368364,-0.26865504353820147,25.692299700125133,3,9,-0.1413762511148821,-0.1073158348048078,0.6522497109687859,47.5130791408031,140,145,86,138
Wyoming,1447.6458124467415,1664.3061895206395,-0.6306744146415059,26.454618949371945,4,8,-0.09089893694341285,-0.19106616479410843,0.38640533882091826,47.18034898262479,141,141,98,144
Rhode Island,1418.475205620265,1060.190879573867,-0.42639053057134313,25.575086476731983,10,3,-0.1415458340578721,-0.1438066972959174,-1.1348767039152534,47.1464746864621,142,146,215,139
Liberty,1457.1328560950528,1603.260511360029,-0.9464021013422961,26.716597552698712,4,8,-0.07442724245880263,-0.2641072782222742,0.23268022634103322,46.61465479318923,143,140,114,151
Northern Arizona,1436.1253928755339,1450.0678809624267,-0.8451284128020541,27.392168787404138,5,5,-0.11090104071208619,-0.2406784080802436,-0.15308916878309559,46.484205512076706,144,142,146,148
Oklahoma State,1430.734924911905,2050.2817283893855,-0.9490123579488642,25.547325501897614,1,11,-0.12026013557002739,-0.2647111405280138,1.3583682183383665,46.15028723901958,145,144,25,152
South Alabama,1416.2401336587557,1615.9616614359009,-0.9381995379554767,25.020428801269798,4,8,-0.14542643415478967,-0.26220967979180726,0.2646642386883172,45.92363886053403,146,147,108,150
San Jos√© State,1362.8159949421718,1731.8924808259505,-0.6536102929730718,24.16586433365377,3,9,-0.23818305293556674,-0.19637219958724375,0.5566010110791908,45.6544474747719,147,149,91,145
Oregon State,1431.4598605731983,1885.233144638952,-1.1927842087424885,26.66958681298225,2,10,-0.11900148016835776,-0.3211058380930863,0.942743183672891,45.59892681738556,148,143,64,158
Prairie View A&M,1348.0326872058838,852.4002965776402,-0.6293315281872943,22.033648744575157,8,2,-0.263850282636513,-0.19075549859043092,-1.6581345610778069,45.45394218773056,149,153,261,143
Colorado State,1364.7621002802787,1826.1897906761071,-0.8187356717665573,23.443934189291625,2,10,-0.2348041655020856,-0.23457265532920016,0.794060320239906,45.30623179168714,150,148,77,147
Gardner-Webb,1358.9217067964466,1210.8875406613604,-0.7988840122248786,24.335247097433193,7,4,-0.24494443476844585,-0.2299801302596607,-0.7553926540359324,45.25075434971893,151,150,190,146
UT Rio Grande Valley,1355.513724959231,1241.9116703741772,-1.0087486918691146,22.421363573964353,4,3,-0.2508614767588354,-0.2785306708557001,-0.6772677486635055,44.70607852385464,152,152,181,154
South Carolina State,1293.330446450713,1057.1376085317136,-0.6030654924987011,20.451360980496826,8,3,-0.3588259811517348,-0.18467905812337454,-1.1425654453385483,44.564949607248906,153,162,221,142
Dartmouth,1356.9107633628155,1106.7131685055122,-1.0857451163894933,23.28112767208318,7,3,-0.24843589608057984,-0.2963431871912911,-1.017724363007139,44.55220916728129,154,151,207,157
Ball State,1280.8141517399117,1611.5983419870956,-0.873426889749629,20.64236492583385,4,8,-0.3805571537064598,-0.24722503782364957,0.253676535819516,43.72217808469891,155,166,111,149
Kent State,1331.1405666832243,1564.893271800119,-1.3064859281998829,21.70536630661167,5,7,-0.2931788974042956,-0.3474098352960159,0.13606391549635236,43.594112672996886,156,155,126,159
New Mexico State,1333.312390988791,1558.71289315567,-1.338153729925493,21.78429913070305,4,8,-0.28940810981632925,-0.3547359317876834,0.12050049756221834,43.55855958395988,157,154,129,162
Buffalo,1321.537433426838,1407.4053841242746,-1.3100234662912955,21.359519648351764,5,7,-0.30985215020653695,-0.3482282168693627,-0.26052178846606266,43.419196329241004,158,158,158,160
Drake,1282.2417902858072,1058.8481307574052,-1.030650756939106,20.353516084426897,7,4,-0.37807844412798874,-0.28359754109379975,-1.1382580114715353,43.38324014778212,159,165,218,155
Presbyterian,1246.0065638738924,809.8914242422004,-0.9829475803689224,23.94558169374779,8,2,-0.4409911491985485,-0.27256178693756516,-1.7651803238255954,42.86447063863886,160,172,264,153
Eastern Michigan,1308.4047695689057,1522.111848986767,-1.6190666135188503,21.593671237589458,4,8,-0.3326534816703643,-0.41972291474246076,0.028331816645240034,42.47623603587175,161,159,136,167
Monmouth,1302.6207076229464,943.8517219367087,-1.629225529297829,23.6022593186818,9,3,-0.3426959464028694,-0.4220730998892666,-1.427841752915676,42.35230953707864,162,161,243,168
Akron,1305.8654721972607,1439.5963957154897,-1.6597437525295202,20.924710895774396,5,7,-0.33706228720155373,-0.42913325045124284,-0.17945844333160102,42.33804462347203,163,160,149,169
Lafayette,1256.1611382549625,1009.8026024334398,-1.3264989312351592,19.379354846221172,7,3,-0.42336046749972367,-0.352039685911946,-1.2617643690944382,42.245998465883304,164,171,231,161
Western Carolina,1323.7656187770124,1104.8702705265973,-1.9191051762433478,22.193578721493108,7,4,-0.3059835068542227,-0.48913447291712436,-1.0223651452481402,42.04882020228653,165,157,209,176
Lamar,1259.3193895428665,1336.707647424383,-1.4855525875449676,20.620206115216813,5,5,-0.4178770153044508,-0.38883549648239774,-0.4385526966930226,41.932874882131514,166,169,167,164
New Hampshire,1288.2085958738726,1156.6976915671996,-1.7775087937919065,20.270701286744902,8,5,-0.36771869431138776,-0.4563772651482189,-0.8918534305932974,41.75904040540394,167,163,197,172
Pennsylvania,1244.9534859185037,1143.301560209085,-1.479248938970069,20.643044247760734,6,4,-0.44281953525775347,-0.3873771970364996,-0.9255875435046723,41.69803267705747,168,173,202,163
Middle Tennessee,1284.2564709078945,1590.750443280268,-1.8851506107131772,19.53395080606361,3,9,-0.37458049419529355,-0.48127935163140834,0.20117739631869128,41.441401541732986,169,164,120,174
Cal Poly,1256.8583303982564,1618.9302067404772,-1.6965726909537469,20.613474875674278,2,7,-0.42214998124002856,-0.437653335265446,0.2721396239178334,41.401966834945256,170,170,106,170
Bowling Green,1324.608802401754,1516.8352820145763,-2.2524657008008484,22.962840113266935,4,8,-0.3045195457325046,-0.5662548044949895,0.015044375572449186,41.29225649772506,171,156,138,181
Charlotte,1269.4424429281569,1933.9517629958693,-1.8453800478189586,19.543710688878264,1,11,-0.40030106131971477,-0.4720787451663455,1.0654263172286775,41.2762019351394,172,167,54,173
UL Monroe,1217.524560438226,1601.3926983815763,-1.4971679761251013,16.882454327656315,3,9,-0.4904424721072845,-0.3915226251395617,0.22797670319483102,41.180349027531534,173,178,116,165
Weber State,1228.6033975207831,1575.7364801862411,-1.605180424365166,18.377257536157256,4,8,-0.4712070573212322,-0.4165104542590049,0.16336926255816947,41.12282488419763,174,174,124,166
East Tennessee State,1267.7367465729603,1151.6097918393627,-2.266568669468887,20.33309285526921,7,5,-0.40326254334592126,-0.5695174152115855,-0.9046657701645002,40.27220041442494,175,168,200,183
Sacred Heart,1096.3918462953156,977.039291182074,-1.0829312972782144,12.33146175100942,6,3,-0.7007567842806868,-0.295692232303486,-1.3442688781618717,40.035509834158276,176,195,239,156
Northern Illinois,1226.4820724518668,1540.9968067390998,-2.2553661753577567,17.19043630332383,3,9,-0.4748901665945783,-0.5669258064375826,0.07588788190865231,39.581840269678395,177,175,132,182
San Diego,1185.0160361851956,1000.13136105553,-2.038811387083786,18.81065893817986,8,4,-0.5468847632457647,-0.5168275619059859,-1.2861184710298412,39.36287674848249,178,181,233,177
Jackson State,1153.6234110422918,800.685964127402,-1.88929456857313,15.479007409919726,7,3,-0.6013895963204862,-0.4822380236416245,-1.7883614962560719,39.16372380037889,179,186,265,175
Indiana State,1120.102018177623,1770.7644569708077,-1.7128182657616744,15.302250295119403,1,9,-0.6595904608293892,-0.4414116210358545,0.6544883486473289,38.989979181347564,180,189,85,171
Eastern Washington,1219.8871887092726,1380.6577733140564,-2.583053537686247,18.184882888021804,5,7,-0.4863404048559855,-0.6427336966195234,-0.3278775719426743,38.70925898524491,181,177,161,188
Georgia State,1225.684394419795,1803.8411284256815,-2.748890843391868,17.600293345335903,1,11,-0.476275119518634,-0.6810988510449727,0.7377819607926942,38.426260294363935,182,176,81,192
Sam Houston,1142.5746646637665,1639.7726473094615,-2.201302029481731,16.002797285678813,2,10,-0.6205727667085982,-0.5544184921358438,0.3246250187461575,38.250087411555576,183,187,100,179
William & Mary,1179.674176169226,1062.775665013579,-2.599415846549779,17.500900533321584,7,5,-0.5561594635027061,-0.6465189878942178,-1.1283677020591238,37.97321548603076,184,184,214,189
UT Martin,1118.4359276216753,1188.2207592515665,-2.1513207230324025,14.41540004712121,5,5,-0.6624831780591818,-0.5428557105761986,-0.8124721005548159,37.94661111364619,185,190,192,178
Idaho,1215.5637600605899,1397.1988583631546,-2.9241965996134835,18.41782004059664,4,8,-0.4938468735165138,-0.7216544569172193,-0.2862238425333302,37.84498669566267,186,179,159,198
Eastern Kentucky,1155.8335619131567,1431.3299666789462,-2.5063887557625324,16.55770515634859,3,7,-0.5975522649811008,-0.6249979031864237,-0.20027494945847693,37.77449831832476,187,185,151,186
St. Thomas (MN),1182.2235281554536,987.4734756850935,-3.045108671904033,18.666314837539478,6,5,-0.5517332008430683,-0.7496265124543635,-1.31799353427688,36.98640286702568,188,183,236,200
Incarnate Word,1183.299148749841,1261.1390326160852,-3.1256863314941827,18.586255004547738,5,7,-0.5498656755666079,-0.7682675193150569,-0.6288494410553517,36.81866805118335,189,182,175,202
Brown,1133.446497020171,1133.510723861139,-2.9420080222327245,17.619525929986143,5,5,-0.6364213697300857,-0.7257749892450727,-0.9502428092697647,36.37803641024841,190,188,205,199
Texas Southern,1023.0510689509431,936.7814743941419,-2.207821904437529,12.279659883620978,5,4,-0.8280932783944623,-0.5559268138518142,-1.44564603704341,36.15979907753724,191,208,246,180
North Carolina Central,1064.1062498211695,935.601286205102,-2.5776204603156443,14.022998657576348,6,4,-0.7568120214114027,-0.641476796964517,-1.448617984731996,36.0171118162408,192,201,247,187
Northern Colorado,1092.3737296131744,1330.059937734971,-2.856988433452427,13.438311893157831,3,7,-0.7077331609945777,-0.7061063770539513,-0.4552929467898403,35.86160461951471,193,197,168,195
UTEP,1189.527411018438,1576.932603639877,-3.6116505801695915,16.959215977992937,2,10,-0.5390519766882839,-0.8806915204549134,0.16638133840023375,35.802565028568026,194,180,122,212
Duquesne,1034.9384337514289,927.4895203338698,-2.463138193787874,15.293967641530148,6,4,-0.8074540731289143,-0.6149922263449856,-1.4690450183654806,35.775537005261,195,207,249,185
Nicholls,1087.2613611615543,1246.4580193350928,-2.8770431857373433,12.20865999182537,4,7,-0.7166094109992708,-0.7107458860299396,-0.6658191412198993,35.7264470297079,196,198,179,196
Richmond,1067.8815951720956,982.2203339995962,-2.8518935902805995,14.77340761771372,7,5,-0.7502571516859519,-0.7049277252166646,-1.3312219858365666,35.448151230973835,197,200,237,194
Northern Iowa,1104.395146229357,1446.7131698153191,-3.1270916159531406,13.20068517737701,3,9,-0.6868612108787774,-0.7685926208056425,-0.1615369961144559,35.4454616831558,198,193,147,203
Chattanooga,1060.1688441820393,1144.7867601309908,-2.9137963651264625,15.814405524222519,5,6,-0.7636482651511771,-0.7192484445881012,-0.9218475158412985,35.171032902607216,199,203,201,197
Stony Brook,1110.1190409406847,1076.6461718244966,-3.30877827565637,14.71795484575823,6,6,-0.6769232103338078,-0.8106243984379427,-1.0934390177704276,35.1245239122825,200,191,211,204
Long Island University,990.3444570408067,918.2903500789786,-2.451312886584174,12.133711171288148,6,4,-0.8848794953637892,-0.6122565346677241,-1.492210351682512,35.02863969968487,201,212,251,184
Delaware State,1012.1413350675094,894.6649523292114,-2.6217355876710515,9.399178257170286,6,4,-0.8470350910494833,-0.6516824841968754,-1.5517037840743961,35.012824247536415,202,209,255,190
Central Connecticut,1062.0260193220386,980.4573332341183,-3.0754603409797694,12.675575490935332,7,5,-0.7604237810395301,-0.7566481320242556,-1.335661571064241,34.82928086936214,203,202,238,201
Lindenwood,1100.634079740008,1162.051472319018,-3.4378808910978513,15.759863855009156,5,6,-0.6933912892093317,-0.8404912716186611,-0.8783715499251752,34.661174391720074,204,194,195,208
Wofford,1109.8247923688448,1057.998645455627,-3.539967108703481,13.701801616325312,6,6,-0.6774340936771919,-0.8641081139599271,-1.1403971837684226,34.584577923628814,205,192,220,211
Elon,1068.2123278193008,1044.4035533825454,-3.4409303393202544,13.058412012257781,5,6,-0.7496829235783559,-0.8411967374453465,-1.1746323191798163,34.091203389762974,206,199,225,209
Grambling,976.6546862571302,1033.8625568735451,-2.7550452572686224,14.679843283556677,5,4,-0.9086480928607765,-0.682522626218931,-1.2011766368583396,34.088292809202926,207,214,227,193
Central Arkansas,1039.0529844022458,1428.8794797574806,-3.363372137787518,11.213980522531644,2,8,-0.8003102648179055,-0.8232542584228916,-0.20644576103733592,33.76435476759203,208,205,154,205
McNeese,1038.8654558469582,1232.7439179346236,-3.3782278553255947,13.823591275088164,4,7,-0.8006358576141805,-0.8266910116613992,-0.7003539656967611,33.72673130724421,209,206,185,206
Charleston Southern,1095.0099400729948,1249.1737960678245,-3.808632083062289,14.609242990380048,5,7,-0.7031560920043844,-0.9262616395863126,-0.6589802773348746,33.70582268409303,210,196,178,219
Bethune-Cookman,906.8966687454644,1134.0144125313716,-2.637325185025313,7.291064042916243,3,5,-1.0297640900986278,-0.6552890147503112,-0.9489744214031801,33.149468951510606,211,223,204,191
Towson,1045.5256961931098,1005.7359797308081,-3.682077091365156,12.45711448091617,6,6,-0.7890721452246617,-0.8969841390919989,-1.2720049307723766,33.139437156833395,212,204,232,215
Furman,990.7782009825652,1156.7750228354237,-3.6328092676277723,12.58104673498142,5,6,-0.8841264159053144,-0.885586416137878,-0.8916586951384028,32.30287167956808,213,211,196,213
Maine,991.0952920580827,1046.0356314544892,-3.7478499906934246,11.518000659741867,5,6,-0.8835758727104751,-0.9122001812786578,-1.1705224232339406,32.042239460108675,214,210,224,217
Dayton,947.0349840611063,820.3841311068677,-3.419327650215991,11.8106985349894,5,4,-0.960074723050771,-0.8361991254788254,-1.7387576090390437,32.03726151470404,215,217,263,207
Cornell,941.8219431669461,1103.5928114090505,-3.7838570080914713,12.926671169682468,4,6,-0.9691257636201555,-0.9205301211374737,-1.0255820404068225,31.103441152423706,216,219,210,218
Colgate,966.4034819788168,1049.559466461834,-4.03755898472178,10.831393484269585,5,6,-0.9264465463338732,-0.9792220750983104,-1.1616487085142937,30.943313785678164,217,215,222,223
Western Illinois,956.7693969680166,1271.0000367018756,-4.049565184195107,12.788632759043159,3,7,-0.9431735385159857,-0.981999614777317,-0.6040174790241579,30.748268467066975,218,216,174,224
East Texas A&M,932.4763798827533,1279.970543643797,-3.9938029568930666,10.657134987106325,3,8,-0.9853518155822136,-0.9690994627129359,-0.5814279652338392,30.455487217048507,219,220,171,222
Southeast Missouri State,977.307534360256,1224.1510964286247,-4.406197680064944,11.303057500812793,4,8,-0.9075145980758695,-1.0645037336121175,-0.7219923927292843,30.279816683120128,220,213,186,226
Mercyhurst,872.850677786181,1105.332408035115,-3.743104073605749,9.910625732534152,4,7,-1.088875777816744,-0.9111022507425559,-1.0212013914392117,30.000219714407002,221,229,208,216
Murray State,879.7607168845249,1430.3335863108432,-3.897087926460915,6.588727260144736,1,8,-1.076878357216187,-0.9467252022170616,-0.20278403263642772,29.763964405667515,222,228,152,220
Portland State,902.8550348587831,1587.5822124753022,-4.072483133578543,8.753816292678748,1,10,-1.0367812981001858,-0.9873015018495234,0.19319916343586185,29.759172000502907,223,226,121,225
The Citadel,910.0137215086932,1367.9734048390324,-4.530679333932116,8.662060083140762,2,8,-1.0243521680382235,-1.0933015837305151,-0.35981932489411506,28.823462482312614,224,222,164,227
Utah Tech,942.6120674898198,1393.3013049674935,-4.865968239568109,8.137093117399843,2,10,-0.967753925676356,-1.1708680310816237,-0.2960386541989162,28.613780432420203,225,218,160,235
Princeton,914.6220893446725,1252.4950073447833,-4.694569541153476,8.261319649014164,2,7,-1.0163509792716399,-1.1312162922583278,-0.6506168093138184,28.52432728470032,226,221,177,230
Georgetown,789.125543163983,851.3051537999401,-3.9094687647324684,8.365192289988487,6,5,-1.2342419097017998,-0.9495894116311231,-1.6608923475707436,28.16168678667077,227,236,262,221
Morehead State,732.45192657433,881.6657738320152,-3.5169844358311333,6.539786931856357,4,5,-1.3326403710569201,-0.8587912536183682,-1.5844382910344152,28.085683753247118,228,241,257,210
Butler,893.4973182632622,1017.7286149229582,-4.826388252249421,9.988293724775321,4,6,-1.0530284510119807,-1.1617115127748547,-1.2418050992790957,27.852600362131646,229,227,228,233
North Alabama,867.166931223302,1431.8439256104268,-4.768036320581488,6.824446775610499,1,10,-1.09874407192208,-1.1482122530037304,-0.19898069903924123,27.53043675074189,230,230,150,231
Eastern Illinois,904.1045754904648,1260.6413563798071,-5.194773972568717,10.097443352036079,3,8,-1.034611807551375,-1.2469346475094965,-0.6301026884220059,27.184535449391287,231,225,176,238
Samford,804.2233142138155,1421.1776821051633,-4.654464782426931,6.050526447219674,1,9,-1.2080286992064841,-1.1219383722198142,-0.22584041346931985,26.700329285737013,232,235,156,229
Alcorn State,785.9498254527571,910.485179559131,-4.601149305378971,8.580361009565802,4,6,-1.2397556876338736,-1.109604256554414,-1.5118653174760195,26.50640055811713,233,237,253,228
Marist,819.1793269802561,880.5830427738788,-4.922567025460571,7.800296007833368,5,6,-1.1820616137656377,-1.183961714386584,-1.5871648223583785,26.339766718477783,234,232,258,236
Holy Cross,906.479919570676,1165.196309917588,-5.931967100033985,9.700098724403608,3,9,-1.0304876627244424,-1.4174784709046342,-0.870452225770905,25.520338663709232,235,224,194,248
Columbia,809.7274956913809,1236.4593653478573,-5.290391900639057,6.9937513239846565,2,8,-1.1984721714780124,-1.2690551020155043,-0.6909977329752612,25.324727265064833,236,233,182,241
Wagner,761.5401467134435,913.8167275401219,-5.091245572564533,6.098682183025687,5,7,-1.2821365162213993,-1.222984167629953,-1.5034758195862177,24.948793161486478,237,239,252,237
New Haven,567.5375004323829,949.5473322508269,-3.6464857900689043,4.288499784451661,1,4,-1.618969826703357,-0.8887503718788652,-1.413499077683601,24.92279801417778,238,250,242,214
Merrimack,806.8825971863276,1059.2633544259554,-5.590774718920203,6.952702890496199,3,8,-1.2034115710161712,-1.3385463010016032,-1.1372123960066,24.580421279822254,239,234,216,245
UAlbany,824.3069445893967,1278.3798219319208,-5.84621895629468,11.484737061319288,2,9,-1.1731588877086423,-1.3976413132623502,-0.5854337176712028,24.291997990290074,240,231,172,247
Massachusetts,778.3698912265239,1570.1309908062112,-5.677035662099119,7.3020233340326675,0,12,-1.2529162005835717,-1.3585020907550776,0.14925352969362884,23.885817086613507,241,238,125,246
Bryant,751.5622015160196,1137.1538855639733,-5.4831762769331585,5.259428914883397,2,7,-1.2994605289453636,-1.313654248967796,-0.9410686062888897,23.868852220868405,242,240,203,243
Arkansas-Pine Bluff,645.014125488302,1151.8689429118403,-4.852689474288164,7.284449908272389,2,7,-1.484452547672291,-1.167796093326866,-0.9040131764188613,23.477513590008428,243,246,199,234
Florida A&M,625.9357643614054,871.4645236236742,-4.780787088970645,5.82079500595657,4,6,-1.5175769800454086,-1.1511620428366738,-1.6101270602145494,23.312609771179176,244,247,259,232
Bucknell,677.6488453579422,939.5906610444758,-5.243679824128966,5.2099722768346,4,7,-1.4277911518559838,-1.2582486310515812,-1.4385719484787225,23.13960217092435,245,245,245,240
Howard,686.3348333401386,884.6215893061159,-5.4241082586936695,4.837610126161142,4,7,-1.412710274646654,-1.2999893282087365,-1.5769949620401753,22.873003971446096,246,244,256,242
Stonehill,729.7552932780885,974.1022817604503,-6.505909408097516,8.049278125466456,4,8,-1.3373223480182703,-1.5502555031077676,-1.3516648497899648,21.12422148873962,247,242,240,252
Houston Christian,588.4062771614097,1236.068932235533,-5.545030762303136,1.8899095402913373,1,8,-1.5827368201640375,-1.327963796949348,-0.6919809209079106,20.892993828866146,248,248,183,244
Campbell,691.9950320313914,1217.7172643814122,-6.9109059204588625,3.8679875350976456,1,10,-1.4028828650741154,-1.6439482562093684,-0.7381940565478478,19.531688787165162,249,243,189,256
Morgan State,575.7720454074828,1058.8000120195675,-6.078276001735484,1.504348541223824,1,8,-1.6046727586094653,-1.4513258828829732,-1.1383791839870905,19.440013585075615,250,249,219,249
Valparaiso,450.13344936340127,1066.291688625379,-5.23389321098158,1.0,1,7,-1.8228103203441826,-1.2559845751860808,-1.1195136579811167,19.212051044697365,251,258,212,239
Alabama A&M,524.8331730656613,1011.0408114414531,-6.115772784697528,2.156221911935806,2,8,-1.6931143821234875,-1.4600004682705938,-1.2586463134881156,18.468851496059187,252,256,230,250
Robert Morris,549.1937951784615,920.6008470249883,-6.841150075560207,3.156899877085438,2,8,-1.6508187271468702,-1.6278107909374402,-1.4863920625978155,17.2137048191569,253,253,250,253
Northwestern State,530.1719922920066,1287.3068215744584,-6.898347406540793,3.052101163649867,1,11,-1.6838449613782192,-1.641042942933982,-0.5629537638807565,16.75112095687799,254,255,170,255
Southern,533.3619962248713,1013.3440596533293,-7.289460673640157,3.297038171941824,2,9,-1.6783063792724855,-1.7315239165982836,-1.252846278152146,15.901697041292309,255,254,229,258
North Carolina A&T,469.1331178184573,1034.251251819207,-7.1918094764120175,1.9234716586750338,2,9,-1.789822516587606,-1.7089330812880559,-1.2001978259737258,15.01244402124338,256,257,226,257
Tennessee State,550.9566838182792,1065.8243505499036,-7.920889996802973,2.357717325393352,2,10,-1.6477579461320557,-1.8776001169370669,-1.1206905078480243,14.746419369308775,257,252,213,259
Mississippi Valley State,282.37055482819505,862.7105743811599,-6.39617049484421,1.750101117505098,1,7,-2.114085373677543,-1.524868269906346,-1.6321712388115697,13.610463564161108,258,263,260,251
Fordham,564.4170478907312,1115.6796214609208,-8.717247643048117,2.6842442339287413,1,11,-1.6243876515627336,-2.0618311857311773,-0.9951450579580687,13.137811627060891,259,251,206,263
Stetson,309.5492395335091,943.6724714211396,-6.897324162206663,2.5335373970047317,2,8,-2.066896912492465,-1.6408062234170622,-1.4282931412284645,12.922968640904728,260,262,244,254
Hampton,375.2794499676129,997.1648638033553,-8.10507037491669,1.0,1,10,-1.9527741167285377,-1.9202087966813788,-1.293588698857633,11.270170865900834,261,260,234,260
VMI,400.82458408990715,1170.2791362273201,-8.548342113745626,2.213182933842552,0,11,-1.9084218758799654,-2.022756221944048,-0.8576526620716771,10.68821902175987,262,259,193,262
Davidson,281.39593457688625,956.1041266632835,-8.171967992546804,4.519219469782446,1,9,-2.115777539078398,-1.9356850335881088,-1.3969877702670384,9.48537427333493,263,264,241,261
Norfolk State,357.9680898386714,991.042121351476,-9.450603289416595,1.0,0,11,-1.9828306280852386,-2.2314872381012334,-1.30900697743952,7.856821338135278,264,261,235,264
St. Francis (PA),254.93769823820958,929.9546361237241,-10.057497251926751,1.0,0,11,-2.161715135839626,-2.3718873760105272,-1.4628373683976275,4.663974881498465,265,265,248,265
