team,games,wins,losses,super_elo,mov_elo,off_efg_elo,off_tov_elo,off_orb_elo,off_ftr_elo,def_efg_elo,def_tov_elo,def_orb_elo,def_ftr_elo,rank
Duke,39,35,4,2011.726194142732,2011.7261941427312,1772.9858158043598,1656.5259276359852,1664.0203421273784,1538.5147877944917,1761.936964867643,1538.0872152303116,1629.207135391462,1655.558291143454,1
Auburn,38,32,6,1978.2491059515048,1978.249105951504,1740.8143617484677,1708.767583617829,1671.3414416216133,1550.5201776463534,1748.2506667142193,1583.4467761598964,1584.4488769909267,1466.394831529448,2
Houston,40,35,5,1970.9865121316795,1970.9865121316786,1627.2307207531164,1678.7618521651807,1764.220964492152,1415.8323158991225,1763.3530618515806,1729.3717629877506,1641.0666607201783,1499.6092975635297,3
Florida,40,36,4,1962.7786346002708,1962.7786346002697,1715.5239899868718,1608.5457397748926,1773.1127405721115,1559.7188603461157,1754.3509843885383,1529.7644449055458,1584.2936487503648,1570.8367138499261,4
Alabama,37,28,9,1925.8232458210368,1925.823245821036,1780.1203416313983,1559.7290169995072,1682.4053064404004,1656.0329638931526,1707.8034015158885,1413.1589406319645,1620.8281551014925,1542.285446006274,5
Tennessee,38,30,8,1901.0553178012365,1901.0553178012356,1639.8913335365712,1573.2885953434884,1713.6682787308648,1564.9682343876464,1780.7739164642894,1591.236883127893,1562.278204956852,1628.9379227756858,6
Gonzaga,35,26,9,1892.6289176525681,1892.6289176525672,1707.855228810818,1657.9469337065816,1614.294835336165,1474.129488301508,1671.796604630975,1546.0248808951208,1612.1448780898409,1565.9263715043162,7
Maryland,36,27,9,1881.3875523262338,1881.387552326233,1630.715759152002,1647.4314581219178,1559.0771310521736,1541.2270975243284,1692.1223842361921,1667.9026716561796,1547.9386271519488,1648.433185040476,8
Texas Tech,37,28,9,1877.3952758129794,1877.3952758129785,1686.6058690191255,1690.5283952382135,1685.565124045039,1439.7807919053273,1641.672293517307,1515.7304664626413,1639.6639732508463,1507.6911758291878,9
Arizona,37,24,13,1876.4006962868903,1876.4006962868893,1651.9246686125782,1618.5001936554036,1744.2579845180408,1572.7866819161052,1654.2631735874968,1517.7719627414826,1634.9830252210613,1542.8128919430085,10
Michigan St.,37,30,7,1868.2433163102396,1868.2433163102387,1580.9769831753927,1574.5108310520814,1687.7924399707847,1629.0770254425343,1725.2138045719714,1502.4869308899806,1678.0134618612765,1565.509780423795,11
Iowa St.,35,25,10,1867.8740241361638,1867.874024136163,1677.9834994184237,1547.0676931245362,1608.1800354987222,1602.478898896249,1624.6844673720584,1755.1113497836955,1616.8021370348665,1568.6261209473944,12
Illinois,35,22,13,1851.0718654995508,1851.0718654995496,1630.9117117408152,1612.5494529947287,1692.4112690832021,1569.9123264116101,1700.9947530126456,1341.696332593495,1628.9543316077886,1654.7600163907005,13
Kentucky,36,24,12,1846.8146669904806,1846.8146669904797,1750.9005227661946,1629.8466516409592,1489.1198274340586,1582.417827573468,1624.1731184542325,1408.1624539837833,1665.6395204580544,1595.3451664867741,14
St. John's,36,31,5,1844.9397197618996,1844.9397197618987,1510.143161222681,1570.6709424598982,1770.9780000583955,1495.945992804221,1718.6269683137405,1722.7923674905849,1520.1432265977976,1526.1824316493291,15
Purdue,36,24,12,1838.874975745453,1838.874975745452,1738.2481659735715,1631.8279783646306,1581.024336479321,1571.1666771739988,1570.2004042659416,1596.9766502192967,1579.0059806587478,1597.9803391272517,16
Wisconsin,37,27,10,1837.3790649321643,1837.3790649321634,1666.551909486154,1684.8657916663574,1482.6855313535016,1580.5925267214157,1666.12854326462,1434.9341167244393,1625.765631154444,1619.7600665111186,17
Michigan,37,27,10,1825.626503747029,1825.626503747028,1667.9456834273085,1468.2006110308503,1645.803278116281,1586.7357006348113,1734.1929525596327,1509.5440591687207,1512.616006832662,1634.4604951047297,18
Kansas,34,21,13,1825.495098422208,1825.495098422207,1661.3121344601866,1565.7860316168549,1583.6825916164519,1390.3782589269672,1720.7371312854534,1475.1489745629717,1665.3745047869986,1611.747117041205,19
UCLA,34,23,11,1818.572678652236,1818.572678652235,1621.314192478743,1587.7949277246516,1628.6859034876518,1528.6928709742886,1600.612105949457,1814.7487498900373,1526.6061046044126,1529.141233740807,20
Missouri,34,22,12,1814.0844125952133,1814.0844125952124,1699.046417580789,1611.160446373456,1624.3098056329338,1749.7089027151815,1559.1587948830947,1664.007736900369,1480.012890132061,1491.8967372439974,21
Texas A&M,34,23,11,1812.3318679262395,1812.3318679262386,1504.9340739823792,1517.0121815727277,1856.765988094738,1663.7894656805436,1675.8975161283913,1672.7698302540734,1610.1006216977885,1517.2752600083943,22
BYU,36,26,10,1810.5993276460977,1810.5993276460968,1758.7816694612716,1534.9194257408535,1651.1415286836982,1474.6306474031553,1539.9286405772198,1529.3994029713335,1658.4100684436426,1566.188156375542,23
Baylor,34,19,15,1806.7854406320716,1806.7854406320707,1615.7000903141604,1647.905381591531,1739.0127885223858,1475.9540012935358,1541.577894050039,1608.6976313603518,1591.1646165166403,1489.5353815310523,24
Mississippi,36,24,12,1800.5769560839667,1800.5769560839658,1612.5978406802035,1759.932932096207,1438.8186402436727,1564.5744507070299,1603.6112690587204,1687.6464614521324,1556.7762042257104,1453.3864512668702,25
Louisville,35,27,8,1796.5807913855376,1796.5807913855367,1624.7301593294972,1555.9901442859057,1591.9857100309482,1553.5978664973284,1599.1405782658392,1605.9136110743023,1608.037312118202,1621.7660263117748,26
Marquette,34,23,11,1794.5367655705163,1794.5367655705154,1604.1657760586281,1686.0621780298177,1564.9116445089142,1412.007563361317,1602.0041558513103,1717.4008943325719,1511.5834001723144,1562.8366361424464,27
Connecticut,35,24,11,1789.9653863984129,1789.965386398412,1679.533979746637,1523.721406345284,1701.247515823043,1492.692042101443,1666.2231767764265,1438.9959818467146,1582.0388050010624,1355.3951538351437,28
Oregon,35,25,10,1789.68867923766,1789.688679237659,1631.8395385306583,1584.705765582031,1570.328415275269,1541.3498092116504,1656.045717076828,1560.4039114918733,1571.3404754927958,1640.4202476530475,29
Clemson,34,27,7,1789.1038384457295,1789.1038384457286,1623.1126015232971,1566.9257695636302,1649.6201538177515,1446.1126019354708,1614.4573790433155,1644.1523727112606,1533.150739229217,1641.147565608401,30
Ohio St.,32,17,15,1784.2249021548407,1784.2249021548398,1651.6193824176592,1614.9089008957235,1528.6417966375454,1591.3434159525566,1660.8598398520496,1558.9165627247066,1496.9130705843947,1423.7723554326126,31
Saint Mary's,34,28,6,1783.861153556344,1783.8611535563432,1513.6050568760834,1596.7637572415044,1793.1570362491877,1482.021515954281,1705.332419107955,1466.670951195574,1652.3550116678325,1640.5352827751824,32
Mississippi St.,34,21,13,1780.8437876667397,1780.8437876667388,1607.4157645091516,1633.9416614646,1649.6866042195488,1495.297210782584,1563.9768862166572,1639.3807976220971,1566.5627649288651,1541.353820318255,33
North Carolina,37,23,14,1779.4060780306118,1779.4060780306108,1681.6936509058023,1621.1117014630934,1548.9894173602745,1575.9404489660665,1608.9649195036368,1460.7786177306027,1634.279302873863,1572.5371545778964,34
Arkansas,36,22,14,1773.1988053695393,1773.1988053695384,1613.016551546919,1582.115013866009,1479.6973451848398,1573.4617410105793,1668.0051566445495,1552.1805091789893,1584.5945072015782,1610.911399664512,35
Georgia,33,20,13,1763.4371564732933,1763.4371564732924,1611.207180307989,1470.821388041034,1699.3270909691703,1642.5025568016042,1664.5329713667973,1572.966699838363,1508.1002126050219,1604.051970982325,36
Creighton,36,25,11,1761.4551231922453,1761.4551231922444,1746.2940391225857,1499.5315105906234,1451.9354146281773,1438.2254943006199,1678.9385538475806,1261.4792868538984,1641.6785088254614,1773.0600528569935,37
Texas,35,19,16,1750.2611552357334,1750.2611552357325,1615.30646534665,1673.0624817555777,1534.501818478703,1574.4193100698972,1614.1541924776154,1498.076335640023,1570.6443302977614,1455.0815936858094,38
New Mexico,34,26,8,1746.977204203926,1746.977204203925,1549.655469317685,1618.7640653552749,1555.6362134820677,1578.3846858702184,1582.0139069020292,1672.1410498956882,1615.1913055134908,1488.100876030145,39
Xavier,34,22,12,1745.637505829216,1745.6375058292151,1658.867657126602,1593.5923761618392,1383.1975275705493,1602.6096504814452,1545.9503719472177,1544.909197120712,1678.5698384698649,1571.6185706736715,40
VCU,34,27,7,1740.5350282169404,1740.5350282169395,1552.931306838108,1525.7642414288036,1692.6433524882432,1501.1647806132332,1695.2000587560167,1649.3960888782212,1454.204109384076,1434.5345927223743,41
West Virginia,32,19,13,1735.5527553223096,1735.5527553223087,1546.61651047248,1621.1879545283136,1448.9434863836543,1382.221504192586,1692.8769331923957,1636.8100808345323,1577.323638973994,1514.4950484671792,42
Oklahoma,34,20,14,1734.6278196945166,1734.6278196945157,1680.0592833725836,1536.703947007937,1445.0171771780285,1651.0238301629506,1568.2774298059098,1583.4325705714232,1542.5411950241032,1519.6295439877806,43
Vanderbilt,33,20,13,1734.2458426779745,1734.2458426779735,1586.740512060026,1663.9120405343176,1584.238337704055,1521.2994695846196,1500.9502779633979,1666.6708646290128,1559.6347118533429,1470.517574880108,44
UC San Diego,33,28,5,1733.8297752615226,1733.8297752615217,1622.9071866950521,1658.4672999395411,1396.0812006646509,1487.81459183496,1575.1089177353447,1717.031043675818,1566.301422785325,1566.5171821879662,45
Cincinnati,35,19,16,1730.573271180534,1730.573271180533,1551.9564449653496,1632.2078827275582,1627.3133635790102,1328.7512952863487,1612.3466654117628,1657.7894193526668,1563.172431187957,1645.4713737051102,46
Indiana,32,19,13,1727.7764978622495,1727.7764978622486,1589.2178982665573,1569.0774144919299,1575.3320112221927,1541.9650899200324,1623.1550194697918,1517.3316892208948,1579.7050603205032,1608.9671577761417,47
Boise St.,36,25,11,1726.5433644453153,1726.5433644453144,1589.6802419593057,1566.4939187145765,1612.606859151262,1596.4076048771767,1540.7697541561056,1476.5920977686967,1714.6170630184822,1543.0071714575884,48
SMU,35,24,11,1725.6651963729669,1725.665196372966,1626.747831910063,1506.5549103042167,1703.361486163146,1576.3295179322697,1611.3705189018385,1548.1430136661502,1521.905477003955,1525.039090431599,49
Colorado St.,36,26,10,1725.0174974570396,1725.0174974570386,1674.2807394800961,1547.1630955846313,1461.3761440684648,1469.5158585134773,1604.7292975334367,1488.6952103749695,1633.993585260718,1540.7378171728355,50
Northwestern,33,17,16,1724.9983823755972,1724.9983823755963,1541.3392322474244,1625.0658337511004,1568.6249589504507,1537.3472494169803,1609.7947320892451,1691.4263452533019,1498.3380577942053,1465.8927715517686,51
Nebraska,35,21,14,1722.8503592442278,1722.8503592442269,1604.8346483057846,1571.6105692571618,1461.5002729810556,1591.6293706645479,1591.8862836694186,1575.5332387988078,1568.1351406582592,1656.0897638121928,52
Utah St.,33,25,8,1718.6687004341154,1718.6687004341145,1658.2101140700454,1594.8248413827678,1659.0411291528176,1581.4214767894694,1494.1551325782991,1665.5481096886228,1459.6635192519886,1472.521668699598,53
Penn St.,31,16,15,1716.1451056780124,1716.1451056780115,1636.827432721708,1506.3192692351795,1478.022886865513,1658.5389110748142,1526.183991931461,1657.3525745167176,1512.812334801264,1579.6613624473125,54
Santa Clara,34,21,13,1712.2357516286133,1712.2357516286124,1676.3863945600071,1474.6025623376406,1609.4252918762454,1430.1227711148633,1571.7350887644418,1481.929428370043,1613.3845155332585,1531.2023574948423,55
Villanova,36,21,15,1709.1467418909453,1709.1467418909444,1657.3581998209436,1592.1717206415824,1549.8625984691125,1462.7272323895916,1540.5659593206517,1455.7285236789285,1589.9075064493227,1538.595662780086,56
Pittsburgh,32,17,15,1708.7911633288861,1708.7911633288852,1583.572674062029,1612.3013164714719,1526.9479700439,1555.2168479391432,1540.3236767984833,1585.294153089552,1535.8740349977961,1523.2122223619642,57
Memphis,35,29,6,1702.4961049385795,1702.4961049385786,1615.634547453486,1396.5691889078053,1649.8644976212884,1619.5713898859985,1588.5258631344457,1654.492719838316,1450.6115073728301,1539.8094175985725,58
San Diego St.,30,20,10,1700.7541837587391,1700.7541837587382,1528.280176083531,1550.6544217950725,1529.9072677668737,1508.187154232594,1697.0906761222093,1650.1684576833225,1498.5854276884168,1436.833392175389,59
USC,35,17,18,1699.6403028699244,1699.6403028699235,1681.686883391673,1521.697949773578,1478.445380444749,1585.9738559045468,1541.602321281907,1589.0603883781769,1531.8379265708984,1508.3167966982355,60
Iowa,33,17,16,1698.6829725236485,1698.6829725236475,1727.35510343574,1711.6726175291396,1392.916081439288,1409.105732642039,1464.3707368817602,1569.3848057539192,1459.6567244970047,1633.48346696259,61
McNeese St.,33,26,7,1676.365359403587,1676.3653594035861,1555.8255789514023,1582.547310890676,1628.6697207983846,1524.2623640232305,1583.8165397271666,1693.523322742431,1489.0309806523035,1482.0971574066266,62
Utah,33,16,17,1675.187370115333,1675.187370115332,1564.0365295344009,1511.8533187593919,1665.988988736705,1591.5190158696357,1599.4848890307526,1455.3888237670512,1603.9351019743624,1481.2203526486894,63
Kansas St.,33,16,17,1671.3794248897323,1671.3794248897314,1556.0554641319222,1551.942321494949,1535.0609560931114,1430.1932828741838,1611.929409438282,1560.971107330058,1521.64837536167,1593.792307556202,64
Drake,33,29,4,1664.3140136075829,1664.314013607582,1591.0075866183208,1425.5188809186923,1668.0419004951782,1661.103758370015,1536.5983017649282,1709.7641998217305,1582.4254364869028,1439.1167991633902,65
Arizona St.,33,13,20,1664.14752793938,1664.1475279393792,1602.458023258272,1538.4290477847485,1452.2001553695857,1579.5903133898319,1589.557713387956,1496.243689521738,1592.9467123540378,1529.943517847444,66
San Francisco,34,24,10,1661.7815609756335,1661.7815609756326,1586.8715820490536,1494.8387713581362,1494.8847865346895,1531.799913413393,1625.1702784020572,1494.1358304381527,1567.9172665879505,1438.769146273929,67
Rutgers,32,15,17,1660.4414837697468,1660.441483769746,1577.513426942003,1633.9775751623797,1559.4827605271992,1588.104015948005,1517.8476684082257,1542.7667354662497,1474.367988049084,1591.5235468286255,68
TCU,32,16,16,1658.9362559216643,1658.9362559216634,1455.3443272578302,1535.4177195462078,1659.481327841962,1518.5799043881439,1576.270917918434,1657.0367465496413,1564.3472196988885,1576.4854206594378,69
UCF,37,20,17,1658.751724514691,1658.75172451469,1545.2491452604909,1585.590898535879,1632.38262228989,1582.7255986628657,1558.0352196884223,1556.4608989230087,1463.6999311180023,1541.5820016118391,70
Butler,35,15,20,1651.0313958428337,1651.0313958428328,1653.3407664014796,1593.7197742815881,1450.8680938170871,1581.9044668653885,1579.8898052082438,1261.734392680211,1593.3715857876214,1686.073196184976,71
South Carolina,32,12,20,1650.472172255114,1650.472172255113,1516.9733763967472,1487.9271860314566,1557.7270686943743,1695.9932285895588,1563.2290527222185,1474.161896331395,1648.3382194995963,1590.5816882600932,72
LSU,32,14,18,1650.0051156302227,1650.0051156302218,1560.9973835625174,1468.40623376535,1516.5586956473924,1515.1508831358076,1627.1284968617922,1520.699286379335,1443.024332793928,1615.9225288862674,73
UC Irvine,38,31,7,1649.9418542276144,1649.9418542276135,1518.1925297561036,1445.9566258154914,1481.6783987322015,1532.469423480127,1664.3894990015197,1464.4816326449854,1604.2041998774384,1687.1447983754285,74
Wake Forest,32,21,11,1647.5602144112472,1647.5602144112463,1506.5130033784865,1525.8901624922376,1465.1928181979936,1589.8992594317165,1650.3698992639083,1646.4482616238743,1497.1560429783615,1544.342950111877,75
Nevada,33,17,16,1644.384248611364,1644.384248611363,1613.7588805963192,1608.415878293425,1452.0179098757128,1585.0646322978096,1517.2132895134714,1579.6066994017401,1595.755888486359,1426.483527670137,76
Liberty,32,25,7,1641.0379822292637,1641.0379822292628,1730.8417170332368,1564.312220975145,1214.8856659018486,1428.5886067506294,1612.2097664535195,1484.2250991600597,1548.176416681593,1643.881153140944,77
Colorado,35,14,21,1640.8734929985908,1640.8734929985899,1568.82367560937,1374.162278143586,1568.8670321265706,1569.41736200224,1593.416354784156,1490.0735356769553,1608.6702551315782,1455.9979181253684,78
Yale,29,21,8,1640.1557582891476,1640.1557582891467,1588.9405237587155,1587.2821101429608,1589.577674569211,1511.0440246774097,1578.6140161536684,1446.6885690387871,1543.1030781485024,1551.193739719727,79
Oregon St.,32,19,13,1633.4334386511216,1633.4334386511207,1633.5794019937032,1486.144427261283,1583.6023963607104,1623.4740003975733,1502.7365322655542,1434.8619334284092,1580.3961525793272,1522.1814141349096,80
North Texas,34,25,9,1631.8563103564097,1631.8563103564088,1518.5665924829586,1508.035751487901,1562.3976452987386,1560.2676461753308,1592.2182427563753,1638.9244911277306,1557.2733635624452,1463.5067957357408,81
Stanford,35,21,14,1630.9131832406304,1630.9131832406295,1528.9465319092883,1598.3753354067896,1561.4087662041495,1453.6433997695628,1541.7925311141641,1512.159317781352,1575.8224006039457,1472.2116831776905,82
Dayton,33,22,11,1628.5205842260132,1628.5205842260123,1610.5369299895797,1591.042289205143,1502.8234100265056,1598.3934921234713,1513.1175132967237,1540.3099645074253,1524.708059169738,1540.1330295944374,83
Florida St.,32,17,15,1625.2047971948925,1625.2047971948916,1534.1366357595368,1492.1720435758605,1508.969276736497,1656.079800742815,1597.632778007306,1603.2416953757313,1495.7749401558026,1449.0154163107588,84
Georgetown,34,18,16,1622.855840840982,1622.855840840981,1519.8804887700012,1501.0227903846435,1592.1063296578275,1391.9878915760912,1582.3329660724064,1603.7290396546662,1534.0401045668173,1533.7093832259145,85
Minnesota,32,15,17,1622.746008990521,1622.74600899052,1531.9443018716001,1571.6752794827594,1524.4174548907633,1501.9287317030041,1583.1558981783178,1515.244787050622,1494.4832316540926,1552.9828661406273,86
George Mason,35,26,9,1618.218135956255,1618.2181359562542,1536.845056789057,1383.6177155989608,1534.6673070111,1701.3866233203378,1651.8894787313047,1595.087820888415,1513.650075368331,1551.5394589158898,87
Saint Joseph's,35,22,13,1614.443099715649,1614.443099715648,1535.855893854251,1532.2119339303736,1507.7779993477886,1511.6520022243678,1610.2110029320531,1459.8970152408228,1547.7712481079911,1637.571398113305,88
Arkansas St.,35,24,11,1613.7682707957244,1613.7682707957235,1459.2282759365683,1620.9570822873995,1593.2600347199802,1498.3303709739184,1597.566899814396,1460.6387286524523,1526.6839350599703,1427.2668712851535,89
Bradley,36,27,9,1610.2402832325652,1610.2402832325643,1651.4840831541596,1483.2926944154983,1424.192382546997,1466.6014786308156,1630.2119872249527,1418.5425843434498,1516.3794401556715,1477.0408243323084,90
High Point,33,27,6,1608.1533742524184,1608.1533742524175,1616.7375028277818,1573.084347578371,1575.222494453695,1561.369753608066,1514.3585476732717,1410.7988778260567,1492.7349491793352,1502.4351063481074,91
Providence,32,12,20,1604.0951030556485,1604.0951030556475,1594.9678076114467,1420.4419401038033,1633.4686039266994,1495.387468481953,1613.4746819143552,1370.5641477400784,1539.8070865530851,1493.3440565838077,92
Notre Dame,33,15,18,1603.5662283511854,1603.5662283511845,1560.4957696902234,1513.6096150175113,1538.23815647151,1516.3471253134903,1529.1268657686794,1412.5679848295688,1626.747403237868,1572.3437666884388,93
Oklahoma St.,35,17,18,1599.9000343637101,1599.9000343637092,1496.77367801788,1460.8962571387228,1590.6819375282962,1649.6152906772807,1504.5466090377295,1688.016941359967,1573.607824909668,1443.7247149937298,94
Lipscomb,33,23,10,1599.4779389553748,1599.477938955374,1599.6095322933086,1609.7649254965067,1325.4845573579264,1479.7676946900267,1538.4693979325057,1457.3670772007504,1560.3838425691122,1665.4663225439856,95
UNLV,33,18,15,1597.9754712241918,1597.9754712241909,1492.9771340063094,1574.4484017791813,1461.5389361640507,1552.6055907380253,1579.0313103811873,1554.9444176966408,1520.4531730047897,1542.457869503614,96
Grand Canyon,33,25,8,1588.5443351318286,1588.5443351318277,1496.4075017375658,1437.9851956732725,1572.2844574870146,1652.7143567195183,1548.9988505969468,1579.9914721388689,1531.3573663867323,1549.0723618235427,97
Northern Iowa,32,19,13,1588.3197625536766,1588.3197625536757,1619.2750470355031,1536.7437000943196,1401.9025427972176,1521.191050098357,1509.585163695487,1489.383798535533,1605.5430756707624,1602.9642013121565,98
Georgia Tech,34,17,17,1585.468916573455,1585.4689165734542,1497.6827262818188,1499.3679039574172,1540.5258410547583,1495.3786734934504,1581.740937691972,1449.9007004624727,1549.6504380908614,1590.716019423911,99
Washington,30,12,18,1585.304470078489,1585.304470078488,1559.0286785431722,1535.55852105179,1459.7434777110798,1554.5086433499207,1519.9810603772978,1514.585167140384,1569.4477486045284,1484.6933110782236,100
UAB,36,23,13,1581.887098440117,1581.887098440116,1477.312623044502,1677.8492300363735,1703.2493948567246,1459.65647699901,1471.2701738246392,1406.3153815864173,1488.9123812127323,1618.7915597914493,101
Troy,32,21,11,1578.301478595845,1578.3014785958442,1463.7953946864652,1374.748490315475,1719.832285610578,1559.217868229218,1558.6590714473493,1647.1795854998622,1462.1440178656194,1546.649253574739,102
Virginia,32,15,17,1577.3901396017106,1577.3901396017097,1600.4713312593972,1555.6472217237508,1336.091798092586,1424.8841392782692,1549.6775842410943,1441.9297785506153,1546.9627977370546,1591.0529558649416,103
California,33,14,19,1575.2798608268367,1575.2798608268358,1441.0798642313055,1551.7409967848748,1669.5794590082392,1604.2408976181034,1486.0447721351627,1469.8092903623922,1558.0998128844947,1515.7301031052355,104
N.C. State,31,12,19,1574.116730621535,1574.116730621534,1449.765718195565,1622.3140070176853,1523.642175221497,1513.246977645779,1543.9306806621744,1581.1864296273425,1449.9345014646835,1523.6837961720053,105
Akron,33,26,7,1572.2104994532979,1572.210499453297,1570.6718675972857,1553.0313178120011,1598.6220678586978,1388.775904623794,1476.8258194256425,1538.1772821228192,1489.848044368628,1496.1251544644058,106
DePaul,34,14,20,1570.4569784573866,1570.4569784573857,1600.8123815117299,1475.593636618989,1465.3820737445699,1424.480744630477,1517.8620490710698,1451.3192388407763,1552.2846262155622,1548.905066350938,107
Washington St.,34,19,15,1567.3239684115695,1567.3239684115686,1694.7299513948192,1334.1578488862197,1580.5038502236216,1501.0354652015458,1539.9612646883693,1494.2466762849995,1405.6685538777404,1504.4544550661305,108
Chattanooga,36,27,9,1566.2320003391715,1566.2320003391706,1675.66001225679,1594.70421971522,1382.3708614159996,1446.0951081030753,1464.5161382197844,1443.1136651290105,1523.7791545198124,1472.5040856107864,109
Florida Atlantic,33,17,16,1564.5464051268534,1564.5464051268525,1575.804246051698,1567.3757395357422,1512.386621727779,1512.6850313278185,1518.1303417192846,1454.6015869457178,1466.437922264369,1562.0368650576092,110
Syracuse,33,14,19,1563.365258587554,1563.3652585875532,1551.027637994563,1477.7342670832663,1572.9483129668527,1516.9398015394183,1496.74502965163,1375.8243747609006,1626.306082882721,1514.965836069778,111
Utah Valley,32,23,9,1562.5145574969524,1562.5145574969515,1466.5504343243729,1525.328608333378,1554.512403792272,1625.8199833177935,1560.7601593089294,1443.618450627872,1619.8825801716332,1557.8948884275762,112
Cal St. Northridge,31,20,11,1559.4086914841528,1559.4086914841519,1519.4708432228497,1408.126894874327,1665.7327170575218,1531.0652079212496,1529.395263300257,1579.8921006063615,1620.5834018893433,1294.7598186629582,113
UNC Wilmington,33,25,8,1557.8527807328207,1557.8527807328198,1505.1753656771825,1521.637914738167,1641.351475540702,1583.1659183615325,1486.3426149360914,1491.0210302562684,1510.7707826641508,1520.0647190504394,114
South Dakota St.,29,17,12,1556.7396176063837,1556.7396176063828,1545.7767377470211,1451.6773107194583,1612.5714317381899,1410.2348786991488,1530.1686279154717,1282.2192811623015,1732.3140109214037,1579.9518866460471,115
Middle Tennessee,32,20,12,1555.148207946577,1555.1482079465761,1546.477798692803,1513.2725135143658,1539.3839661753054,1476.0760566869496,1572.5060607241194,1445.0907917195746,1512.7931734823803,1539.762307182971,116
Loyola Chicago,36,24,12,1553.7296663920827,1553.7296663920818,1572.3696518177367,1482.3456933039968,1478.669547196046,1491.2644084856192,1563.3237122266748,1496.5200111992376,1529.862618860639,1497.1848010751548,117
Jacksonville St.,33,20,13,1551.9278724772594,1551.9278724772585,1500.100777259048,1549.9901278085556,1552.3723363109054,1480.3783142242883,1561.866494780092,1328.1676096340163,1582.2154650387345,1624.9793316181058,118
St. Bonaventure,33,21,12,1551.579226651699,1551.579226651698,1485.019398269932,1574.695164546889,1429.7706125256423,1437.801353909847,1534.9560168131716,1556.9078926519182,1589.5652797785579,1671.5361415139519,119
Saint Louis,32,17,15,1549.9091076264315,1549.9091076264306,1689.5174439001,1427.3167700858921,1350.8758207050782,1485.3450739897971,1564.9903354515232,1371.518227071144,1551.127247207943,1671.31338708355,120
Samford,31,20,11,1549.48114584506,1549.481145845059,1608.9246925080777,1402.0594813359828,1630.6914101383752,1419.2598764159582,1412.4100711689755,1694.4581758580543,1401.2844393755017,1330.4879595115817,121
St. Thomas,31,21,10,1548.0926670714734,1548.0926670714725,1651.6939801829556,1611.3726459637148,1317.8311624101045,1481.6903824521164,1440.3427800314664,1559.0624675109314,1462.835081076899,1461.2143544873886,122
Northern Colorado,32,22,10,1546.575935466312,1546.5759354663112,1659.5156982656638,1524.8398860073019,1431.1219534446218,1479.2779448265132,1461.4728126332461,1397.438718023499,1686.251092703669,1430.7671188072245,123
North Alabama,33,22,11,1545.418338067355,1545.4183380673542,1462.1121117059176,1691.774108453867,1570.9889694672336,1470.1439886789478,1499.7930398766175,1470.159569725451,1488.6035488169703,1548.2554924457988,124
Kent St.,34,22,12,1544.8067818757054,1544.8067818757045,1398.6037666846396,1513.4476752947435,1665.6104269081195,1440.8699186024376,1560.5357286409908,1582.5155367753644,1543.5033575984312,1406.2891048708716,125
North Dakota St.,29,18,11,1544.5808680380517,1544.5808680380508,1670.7921592543164,1536.4290005039802,1414.727854184038,1435.1271536966087,1487.2973478223867,1216.6690961789714,1528.8150602425,1623.9023330267266,126
South Alabama,30,19,11,1541.6313111766115,1541.6313111766106,1483.9735854188762,1606.453876073342,1443.1010022004282,1463.1604571560852,1507.0617314247459,1651.5608153620346,1479.2819660255989,1625.688217708842,127
Louisiana Tech,29,17,12,1539.259480281713,1539.259480281712,1577.4655329910768,1419.3779155064967,1490.6062788988186,1496.6381874279168,1581.8861760591763,1366.3856620131355,1527.3671282859405,1532.3401306691228,128
Cornell,27,16,11,1538.4403138157606,1538.4403138157597,1710.5034617664496,1476.2646978496302,1379.0938102454454,1472.2016964823438,1456.513548887636,1409.9237762301625,1487.8836170913285,1507.303796451252,129
Illinois St.,35,21,14,1536.908672333149,1536.9086723331482,1651.909204878557,1561.5677930310246,1373.4854824501651,1474.001999442266,1467.7954800529415,1425.2849433952426,1616.6686775027536,1516.7581660601586,130
Belmont,32,21,11,1536.4814132259,1536.4814132258991,1615.8704963492282,1523.1010088666055,1463.5006939682464,1372.7609393694668,1455.6085180853565,1499.646588610495,1449.9648372225176,1620.49955295373,131
Wichita St.,33,18,15,1534.2653296335848,1534.2653296335839,1448.931618845457,1558.480263922951,1538.5923832944568,1530.4068744860342,1517.7685257778899,1438.8304084606245,1529.657226773391,1615.2384915910377,132
Wofford,33,17,16,1531.2640809561474,1531.2640809561465,1586.6298499885775,1497.8874385962063,1642.0125305427205,1477.0036094044553,1472.5035792487133,1373.2118639335354,1598.372713441054,1418.412924228504,133
George Washington,33,20,13,1530.480217791851,1530.48021779185,1494.1506107164982,1425.1330506064153,1545.567425871705,1641.707205689639,1528.332797975278,1596.7557234365217,1387.739435081594,1632.2881207427433,134
New Mexico St.,29,14,15,1530.1140353367173,1530.1140353367164,1398.2064328529498,1581.6086094715338,1594.1478847497217,1501.8238126352987,1642.6772242595853,1384.6027351250125,1536.426963563584,1409.2939006991814,135
Milwaukee,30,19,11,1528.8011663214736,1528.8011663214727,1460.4853800034632,1427.466620000884,1753.8020986117488,1581.0378717951305,1464.1818474767383,1559.2526994255718,1589.328024259277,1509.2483165746933,136
Furman,32,22,10,1526.1425048321562,1526.1425048321553,1571.8253696427228,1499.6060767754386,1508.347291951646,1496.156434236406,1542.4415812746122,1442.0586761631566,1478.9073215951125,1535.507985012356,137
Robert Morris,34,25,9,1525.3594622416026,1525.3594622416017,1459.7621302860314,1445.2370571226186,1618.3101947192536,1580.3298084109967,1480.6472272247972,1574.8858430157875,1523.2849228884027,1521.376906025196,138
Murray St.,32,15,17,1525.0843844827782,1525.0843844827773,1482.0961269431145,1490.0413384558892,1512.5692883109,1636.8472643115529,1524.5576342061856,1501.2182281421337,1553.757105321399,1478.4866754470343,139
Kennesaw St.,30,16,14,1523.802447539938,1523.802447539937,1503.5825097252452,1375.455439586088,1596.061205742113,1617.7497739386909,1578.6779851232334,1407.7398549770655,1575.4081342411225,1318.1471140420372,140
Virginia Tech,32,13,19,1521.5205912667084,1521.5205912667075,1529.4078373572675,1376.6513667975926,1558.0657006338033,1491.6210213554145,1492.5559867364761,1473.6205346070153,1552.3085366629102,1554.833741966272,141
Tulane,32,17,15,1518.9687850342366,1518.9687850342357,1511.4932733124288,1553.9272725727058,1389.1500302569223,1542.4059213419969,1524.8083204925852,1520.198664563869,1453.895984991353,1547.4856431032208,142
UC Santa Barbara,32,19,13,1518.7115739144417,1518.7115739144408,1594.340836373929,1455.9735713217983,1439.7541754640472,1412.699008436087,1536.7972753736976,1418.7928706882744,1503.5917894445026,1533.146631550268,143
Seattle,30,12,18,1518.2777581572034,1518.2777581572025,1388.3285458966716,1555.0877334241802,1516.0812429160592,1634.8335596795678,1479.6344566408402,1634.4581978995361,1591.9451458355938,1458.8480877859686,144
Duquesne,31,12,19,1516.159035638927,1516.159035638926,1488.60963990784,1437.9775637728185,1606.7584542331147,1490.4536178465553,1508.3252049951313,1626.6576403370452,1468.6512778696742,1387.9328756731618,145
UNC Greensboro,29,17,12,1511.644152937948,1511.6441529379472,1472.0700915152604,1555.2969830370362,1521.344254060744,1431.2544489246618,1595.4587994723756,1445.7544782493496,1496.9882807139263,1478.0171619901355,146
Rhode Island,30,17,13,1511.4456943729572,1511.4456943729563,1567.2601498243384,1450.0388831073824,1429.3624421982188,1664.6551821325488,1522.3696466216265,1430.0088430800008,1526.478618969061,1552.6256914271612,147
Purdue Fort Wayne,30,17,13,1510.5952093819042,1510.5952093819033,1578.4928836984993,1676.0310121583616,1265.7013225794376,1419.2365360514734,1394.8124155419114,1623.7340266766448,1444.2040857925833,1565.3595083790783,148
Davidson,32,16,16,1510.5747648629786,1510.5747648629776,1559.3819916384718,1609.0766604881878,1366.5853489302465,1447.4963243641075,1455.5301964311045,1398.5223815224977,1565.0770673112033,1623.951222576042,149
East Tennessee St.,30,17,13,1509.7321359681423,1509.7321359681414,1456.1675665257949,1508.2059438663816,1653.0277573899282,1495.898120298836,1494.9431955841794,1561.879824558312,1487.4758660900839,1447.9911446637425,150
Texas A&M Corpus Chris,30,16,14,1509.5304192420997,1509.5304192420988,1543.353095919036,1520.476629463751,1537.4404400835838,1528.3651445078208,1491.0581153135033,1546.3604459307146,1506.248981366629,1345.3414424603536,151
Loyola Marymount,31,16,15,1507.117613182584,1507.117613182583,1494.5957627996,1559.6549685515424,1349.3048941441175,1431.852879273503,1608.717523400272,1409.2044815589643,1504.3919286956723,1561.852440951258,152
Charleston,32,23,9,1504.3258561155055,1504.3258561155046,1522.9975024135033,1507.9222533711757,1392.6350224598266,1545.3056005241465,1507.9324718935675,1451.9216218756624,1530.316214880474,1621.4983098585249,153
UTEP,30,15,15,1503.1297995446168,1503.129799544616,1501.7359385232778,1499.1686477466426,1407.2363469318657,1568.5315366015357,1468.7095006761983,1703.1152308235603,1415.7632459527597,1392.2523583770653,154
Miami OH,32,23,9,1501.649519431522,1501.6495194315212,1583.6085318109147,1488.8520632918928,1441.8402692941902,1397.5941988964155,1434.2576888613144,1583.9533263289313,1492.2014334127362,1490.0433760379112,155
Nebraska Omaha,33,20,13,1499.9307684577313,1499.9307684577304,1532.5664755160801,1558.3348258041142,1492.6019702287008,1530.651806434576,1440.9463583178365,1398.7563773321358,1600.056696863413,1424.7843423940367,156
Western Kentucky,30,15,15,1499.5471661241904,1499.5471661241895,1464.6248132851747,1569.1609381347378,1337.6579039435785,1480.7183207235762,1614.0173159840838,1460.8264538983806,1541.5180089373416,1405.69178945649,157
Bryant,33,21,12,1499.235028365812,1499.235028365811,1459.9214915318182,1536.895822367591,1569.4333758024795,1448.847199413507,1575.26968030575,1444.3751437217445,1429.2301979343317,1540.1923099436217,158
San Jose St.,33,13,20,1497.4017860152446,1497.4017860152437,1501.9227118059605,1520.683104955852,1468.9611208347421,1464.355084262097,1503.4753345068625,1466.1467346346253,1440.845739663626,1615.8267359165566,159
Montana,32,22,10,1496.9685784488413,1496.9685784488404,1630.3809801892348,1528.152628788369,1354.872274765081,1507.60628317611,1461.686343015503,1420.0966468846866,1540.671717842973,1494.9330049821451,160
Illinois Chicago,29,15,14,1496.8284261606477,1496.8284261606468,1516.7041475889303,1488.9619740658536,1528.2739898142086,1533.8287095084497,1496.6934054808128,1430.0756801335117,1527.6602698069244,1543.4910433561183,161
UC Riverside,32,19,13,1495.5847576472509,1495.58475764725,1475.4539826601606,1559.462555138194,1595.0984035457236,1411.3787302081694,1504.0807309748143,1372.0140123956974,1527.5187250883748,1506.5823138345017,162
Temple,31,16,15,1495.04072925822,1495.040729258219,1477.5589577518906,1557.8056752545358,1541.6394428636756,1726.6243629503085,1477.6786967474459,1414.73730075857,1454.5640113067006,1471.9111015256517,163
Towson,32,21,11,1492.4754430819723,1492.4754430819714,1408.5387365568665,1592.5163608844723,1629.195334846306,1435.467009750129,1480.9089579664874,1497.9687146015413,1548.5465799948738,1532.4944036063325,164
Lamar,30,17,13,1491.8025639452328,1491.802563945232,1389.6437800751935,1472.3768044006547,1633.695407512263,1387.413221859085,1577.6348692397498,1531.1207412722097,1484.1509256514455,1448.5399531485293,165
Nicholls St.,30,17,13,1491.6739831440848,1491.6739831440839,1417.4786716535014,1670.2404180774688,1502.1523424884988,1485.9701791701573,1546.8934924858245,1473.197925065668,1504.3327962365345,1401.537170638111,166
Cleveland St.,33,20,13,1491.2476969724369,1491.247696972436,1415.0237125103877,1462.9054412887413,1619.350207351397,1456.0126144375804,1453.5660247627263,1731.0887542983933,1394.180723537575,1376.230538377393,167
Winthrop,31,20,11,1489.7405016612256,1489.7405016612247,1533.3364878734278,1464.440167020904,1535.0214803400686,1725.635306080638,1471.8218784375806,1526.6864160922132,1466.550314729422,1477.9621683712512,168
Cal Baptist,32,17,15,1488.4794836500973,1488.4794836500964,1421.2466763440477,1507.1585916169738,1598.6578285678786,1407.4836126883538,1476.5505262042423,1469.6506944191985,1533.7112987462567,1536.2894526999457,169
James Madison,30,18,12,1487.3596319368532,1487.3596319368523,1501.8355728019035,1531.6147889455835,1558.267418248808,1449.4592255798752,1453.7108554937947,1412.5973832897057,1545.1765666539043,1494.51888628109,170
Miami FL,31,7,24,1484.2996862842524,1484.2996862842515,1584.351109841974,1572.180466083946,1495.924903413235,1415.8011758441103,1354.1586520587282,1390.1964051160085,1491.3916296462194,1611.1657067248298,171
East Carolina,31,17,14,1483.009540238196,1483.009540238195,1416.209039044153,1548.869240801403,1580.839339507291,1537.4324405669904,1443.9335161465583,1525.945572925007,1462.1099269692165,1574.161237737111,172
Radford,31,18,13,1481.9399786700567,1481.9399786700558,1475.257787455001,1471.4133444362387,1598.4475895625344,1630.7942736918571,1503.6995145923647,1453.0827184259765,1485.0891520631776,1479.0974037064534,173
Wyoming,31,11,20,1480.1295525686833,1480.1295525686824,1508.7676682142871,1407.4336906306978,1530.9240409179708,1454.1280093656112,1525.511582458957,1466.1258797717933,1558.6459875153046,1399.9098427459649,174
Norfolk St.,32,21,11,1478.354373681178,1478.354373681177,1498.6661938112472,1496.8567772464928,1503.157281683038,1545.9085504840168,1469.2701514866421,1545.4089556066074,1399.3922947814206,1479.0946182173107,175
Cal Poly,34,15,19,1478.324542938308,1478.324542938307,1645.598349227948,1334.862287211019,1480.039233455265,1366.4422998589666,1419.4645913823579,1546.9341858153668,1433.217176037013,1547.2645546169917,176
Montana St.,32,14,18,1477.7993403755104,1477.7993403755095,1530.8972515630185,1593.090077254081,1305.9597237401388,1422.2607018273643,1559.854345533596,1391.0418062730166,1536.0016461253592,1510.73878839985,177
Marshall,31,18,13,1477.5999646640385,1477.5999646640375,1459.4859706745165,1467.4671518639595,1574.1183531298948,1523.8957740340898,1503.5166495261822,1478.1570607739802,1532.9030098976357,1349.2844963396292,178
Oakland,33,15,18,1476.4552375784413,1476.4552375784403,1454.2072467240016,1470.1034464655563,1633.4805363373641,1481.3970965418102,1484.0563637103594,1469.5132803130657,1451.8838961771721,1619.0666073652371,179
Seton Hall,32,7,25,1475.571146922325,1475.571146922324,1393.1574264151398,1403.5149375369622,1567.1895712701116,1510.4268762738673,1440.333605767415,1766.3311736216322,1495.300147785471,1362.9010660147967,180
Sam Houston St.,29,10,19,1474.073732015997,1474.073732015996,1564.2536614117707,1466.51408509844,1531.0400377216831,1542.3570284687942,1445.5051708778371,1493.1915460084374,1436.9286811036523,1518.4764798495207,181
Appalachian St.,29,15,14,1473.4598909202193,1473.4598909202184,1442.0375708314393,1472.2236792851331,1436.6375646058189,1499.6868689112518,1616.1610260525006,1373.2269759970472,1538.8976467213226,1681.2093404759485,182
Florida Gulf Coast,33,18,15,1473.1348130028823,1473.1348130028814,1527.18912008204,1545.9096306443987,1480.6041292309903,1323.754379683995,1506.119415474261,1355.8681763011014,1564.032009884912,1533.8820689428803,183
Boston College,31,12,19,1473.075727243418,1473.075727243417,1464.809236699042,1475.4731275205113,1500.577646236982,1498.2752064327917,1498.465100493989,1431.1847299658439,1523.657009597756,1454.0820985281007,184
Ohio,31,15,16,1471.6465994025714,1471.6465994025705,1512.7185719716801,1602.0513909450456,1334.9316465593652,1500.131521362369,1421.550025853909,1544.1257985017985,1529.953675739741,1437.0488319325511,185
Princeton,28,17,11,1469.3939535621341,1469.3939535621332,1514.4183035758717,1549.5098201612639,1381.8953982609162,1394.333163521556,1449.132730123248,1501.850220947701,1608.1372055268137,1496.3066798281752,186
Rice,31,13,18,1467.6646638412853,1467.6646638412844,1415.3857784899717,1501.8269919126683,1572.6768884227517,1661.732223216185,1550.7870114784646,1350.748280575358,1491.868978804504,1480.4465444579116,187
South Carolina St.,30,17,13,1466.3630863181093,1466.3630863181083,1427.7616210594674,1418.0526450711739,1591.5372360335946,1632.660695738759,1464.2293962736014,1707.0392071128017,1440.7574076654407,1290.4280269528635,188
UTSA,29,10,19,1465.3085896763248,1465.308589676324,1483.0404318908174,1578.798521619911,1390.5049808013407,1463.1263407253819,1404.6449814235034,1688.3251206508487,1388.0321167933557,1348.4555790104218,189
Southeastern Louisiana,30,16,14,1465.2874032256375,1465.2874032256366,1425.7096897560982,1528.066591388494,1509.9513126286665,1510.140833525987,1451.7779998030242,1569.381958863868,1548.6760837144864,1402.4753928750697,190
Southern Illinois,31,12,19,1464.749748986815,1464.749748986814,1523.2064564593277,1426.4964269285458,1548.2728734899915,1517.4594488697353,1495.303760417723,1400.800974335734,1519.2004478246015,1497.0879769467615,191
Eastern Kentucky,30,16,14,1464.3542085408799,1464.354208540879,1432.4667585363334,1643.3035398469865,1554.016030065484,1388.234297581848,1436.9066184035178,1532.9675500785286,1385.6694373485527,1489.787651877498,192
South Florida,31,12,19,1463.2863476621046,1463.2863476621037,1457.5414096010718,1530.1798499370313,1410.791262709636,1548.1197609670753,1531.094658986407,1573.0566175923543,1406.1826368561333,1476.0788862135967,193
Drexel,32,17,15,1462.6778600607183,1462.6778600607174,1500.377809589194,1409.1990383561206,1561.2435539202124,1349.5191007112376,1557.844666937341,1376.390437745146,1460.0547251052258,1585.7997238566682,194
Idaho St.,27,12,15,1458.9735729231018,1458.9735729231008,1391.2873378472784,1519.431650151246,1764.7778383512095,1476.6366592414445,1406.1611716852124,1522.9550838357602,1566.2936088699946,1506.9609103553782,195
Youngstown St.,32,19,13,1458.6263374162977,1458.6263374162968,1397.8665098151844,1508.5927374699168,1466.2157500051626,1547.142734886064,1516.4546519984076,1550.9146524734008,1470.654895645355,1446.915790599859,196
Central Connecticut,30,23,7,1457.3074753570606,1457.3074753570597,1477.3509248278253,1473.259055667803,1341.3393435535963,1343.3985929996668,1542.1703240789243,1489.471290242545,1526.257625348085,1704.227207290237,197
Texas St.,30,14,16,1455.6945615907487,1455.6945615907478,1486.9776257043575,1466.0181632916592,1621.5023043643143,1558.3542475734193,1464.5245776031581,1440.2250854352662,1486.8926157204983,1332.5560348473002,198
Indiana St.,30,12,18,1454.9546557789906,1454.9546557789897,1610.0757929820752,1399.1228458774963,1422.1565087647434,1532.3262537956457,1423.7600576216885,1421.0041027082568,1541.342117075649,1418.1676267439416,199
Jacksonville,31,17,14,1454.9391483810753,1454.9391483810743,1443.8398545498048,1371.4939145611156,1634.2290195580836,1436.6448933635381,1477.8569495808295,1603.3141003098378,1477.6175805550763,1436.080620961699,200
Elon,31,15,16,1454.6323297002798,1454.632329700279,1468.086981225852,1380.507637788872,1664.8885135816265,1600.1765966200023,1550.785910787609,1307.572027328443,1422.4931986141253,1628.7438290836735,201
Portland St.,29,16,13,1453.5045929095636,1453.5045929095627,1431.5029968392857,1413.9923810003274,1637.6335714783008,1450.8377839171224,1527.0056002135152,1577.2058763942875,1476.6691005453636,1453.5544101520802,202
Southeast Missouri St.,30,18,12,1453.2743313548733,1453.2743313548724,1495.8820792503677,1590.0201304960788,1296.4660571592158,1404.766823498652,1540.3676069074652,1551.7005969102036,1510.7363132901623,1318.4390109271617,203
Valparaiso,32,13,19,1452.7510225721364,1452.7510225721355,1410.3431119734093,1657.6462419675477,1428.6215015154573,1496.5904889402975,1446.460410088319,1469.4051884067474,1508.109601942054,1461.9681677869075,204
Merrimack,33,18,15,1450.9419313970798,1450.9419313970789,1416.8837439179706,1642.5137979278434,1246.3312509853372,1365.013031030934,1571.4329608029354,1758.8802315666026,1244.4575331131427,1504.6136014550716,205
Dartmouth,26,12,14,1447.0218680456485,1447.0218680456476,1450.2487216900738,1491.249763675875,1305.416652027071,1488.8123408482575,1565.0895625258393,1317.2222221069408,1581.770449008427,1636.6233909907685,206
Northeastern,32,17,15,1444.9564581969814,1444.9564581969805,1488.9148806959338,1415.8119984338566,1532.5776113215545,1422.6912038841454,1463.224182275137,1537.5279381725918,1442.2124421283506,1514.7392664869928,207
Pepperdine,34,12,22,1444.2313656640113,1444.2313656640104,1496.3707144752943,1518.7484824443777,1477.8887573280062,1492.480294610039,1482.1370335974218,1390.1778348375622,1514.8345462444915,1597.500360251744,208
Longwood,29,15,14,1444.0328808573854,1444.0328808573845,1465.3892983561693,1445.3013835241254,1511.9100114662733,1707.1860773249498,1323.843595075023,1635.2193929930081,1547.3561865297222,1448.3140147355264,209
Central Michigan,27,10,17,1442.9114083635022,1442.9114083635013,1424.4630109536913,1510.1845056633413,1572.5834111813344,1535.4167706436845,1417.470970708972,1577.467853688498,1496.4319286104148,1533.197843757906,210
UNC Asheville,28,17,11,1441.855908500667,1441.8559085006661,1495.096811184128,1579.5195467009082,1501.7366334213928,1514.1387941449432,1427.7137592419049,1509.2888350798644,1388.2014862954568,1457.377746167266,211
Massachusetts,31,11,20,1441.7560122246475,1441.7560122246466,1345.0495746368438,1541.002101921503,1621.3052637880155,1553.6919544374925,1520.3406274430145,1504.9056327285018,1427.4375882316726,1448.770298177341,212
Queens,33,18,15,1439.9663838787808,1439.9663838787799,1530.1051761625379,1427.0821908023331,1535.6151146070558,1549.4163343400078,1449.7530836178125,1463.558901339738,1480.9017668338272,1504.114517725321,213
Hofstra,31,13,18,1439.0597840751966,1439.0597840751957,1418.8534072891234,1484.8923657464106,1364.2429054856457,1358.5258762461433,1595.2256805246413,1452.322703980546,1548.275386933103,1432.742123049548,214
Hawaii,29,13,16,1438.305258066442,1438.3052580664412,1495.0028226072836,1335.176005026517,1540.8645995295144,1609.6532902668043,1532.2986801763607,1247.7057670371046,1634.6999047966128,1502.683362495017,215
Wright St.,31,13,18,1438.235871237598,1438.2358712375972,1611.0416254219947,1501.3959055147106,1428.6584997532877,1383.350366884395,1411.6580744147334,1374.5528610017143,1534.0645544463932,1484.9313217758026,216
Northwestern St.,30,14,16,1437.1902573987256,1437.1902573987247,1450.3041816232828,1407.3609665250324,1566.818779471081,1461.442540094472,1504.164088262004,1526.168035631431,1463.843934051144,1487.8795188062088,217
Campbell,30,13,17,1436.9684040839302,1436.9684040839293,1448.4462039504683,1517.508284784073,1350.393438890955,1455.1488609400494,1440.2902135260158,1573.2681487940126,1520.6259101821736,1562.197179925562,218
Northern Kentucky,31,15,16,1435.9584760684083,1435.9584760684074,1419.4660192146807,1532.3656782797195,1508.5245447741506,1445.6066016888533,1415.4464236099748,1643.562498653887,1427.2645337380259,1566.8907467005706,219
Hampton,30,14,16,1435.4929624288427,1435.4929624288418,1381.9812989470288,1528.0615035135108,1600.1648009713067,1470.0221852036182,1452.1127833628248,1551.1877915530881,1521.6596114288407,1310.450441735864,220
Missouri St.,30,7,23,1435.3011727154772,1435.3011727154762,1512.098005648021,1286.8563611501513,1585.7287891739745,1522.4470883082622,1450.829470750682,1581.876440086911,1505.3521679668456,1420.302288259156,221
La Salle,32,13,19,1435.106145306918,1435.1061453069171,1381.3862582977556,1569.2858093676987,1518.0474657493555,1516.9283749665688,1464.4800080043635,1473.2630001856664,1491.2765761773276,1578.6026201514126,222
Quinnipiac,32,19,13,1434.9590136410277,1434.9590136410268,1403.9142160668152,1478.0835928512606,1541.298956387458,1470.144202063634,1479.7905297647587,1466.3551564062684,1573.9561089984602,1530.7944896083668,223
Brown,26,13,13,1432.762753085189,1432.762753085188,1486.6193420971078,1440.6685671878645,1509.052271771425,1473.5215309012644,1560.4808179406248,1425.5296101338436,1394.0748373584915,1537.531936793611,224
Incarnate Word,32,15,17,1432.1491415045725,1432.1491415045716,1485.6255050398895,1512.8339285307459,1608.7535367963912,1407.1618386329046,1427.6495690445774,1497.354249094337,1470.8762345041607,1403.9553734582405,225
Bucknell,33,18,15,1431.3750580081721,1431.3750580081712,1547.3420054354535,1381.7688206998992,1388.453512307876,1586.434050166095,1503.7584861402117,1484.6753089115448,1474.6273534106492,1411.2175393882112,226
UMKC,29,9,20,1428.6427446832872,1428.6427446832863,1396.707415496818,1372.4637361684418,1606.5357263501085,1452.3372333957705,1516.5072151322604,1518.3832878852893,1464.5337008660858,1459.7515262151983,227
Maine,32,18,14,1428.0527018098383,1428.0527018098373,1489.4185069180232,1516.494503892415,1252.1570152048082,1434.283355739376,1495.8794568175829,1695.1857008495901,1367.7115963814738,1541.0290152596722,228
SIU Edwardsville,31,19,12,1428.046553357089,1428.046553357088,1418.3242554782157,1493.442162509032,1502.8581144346597,1473.741290124678,1558.7743382691433,1471.7368610464207,1457.8504493242592,1479.033699208892,229
South Dakota,30,16,14,1426.5489888157067,1426.5489888157058,1428.5123147869356,1656.4038822019618,1536.4134760499635,1690.9705128772496,1400.0194145084097,1506.476816009633,1336.8792647779608,1431.3964962799892,230
Southern,29,17,12,1426.0488616708685,1426.0488616708676,1367.387487507714,1488.1127606793505,1562.6234726991763,1563.5044620730134,1494.0695997016103,1681.7066869924158,1491.8296465701096,1350.7308943296157,231
UT Arlington,29,11,18,1423.6869975640489,1423.686997564048,1536.1063911246406,1435.5814215420132,1582.5003448038772,1560.159980439899,1468.9262481529145,1412.064336343131,1439.7895747579025,1517.8729587274406,232
Abilene Christian,29,13,16,1421.6362536317774,1421.6362536317765,1391.3394369735074,1357.4602909954822,1521.799529357348,1551.3843127825553,1449.3987117268127,1768.0996274473425,1494.828804305073,1206.20764572119,233
Fordham,32,11,21,1420.6885082412396,1420.6885082412387,1454.2688483462007,1455.3393828222813,1539.6750726134107,1511.9062751021443,1440.2705354369775,1462.8209698382354,1461.4541826837235,1423.86766522415,234
Delaware,34,14,20,1420.5457625534334,1420.5457625534325,1609.1035763446623,1527.9977625222723,1279.5915949801238,1448.3653030018193,1403.7897405949793,1406.3340380818945,1462.965897426236,1499.630922171826,235
UT Rio Grande Valley,27,12,15,1419.8972207288507,1419.8972207288498,1510.7565583121384,1420.1481453633023,1506.9481304683218,1308.4640181219343,1459.0732980308082,1509.3030660370189,1409.9827269243574,1539.1856460687245,236
William & Mary,30,15,15,1419.5406924513477,1419.5406924513468,1575.495597883408,1438.5302752509322,1381.024152308676,1550.38719170212,1387.73799639011,1505.4945783019089,1504.7585018702391,1462.1637429786601,237
Toledo,32,17,15,1417.9944917488738,1417.9944917488729,1450.4743174681334,1682.7344075439382,1512.281975970609,1521.1047936673997,1311.1102090996421,1438.7504080738056,1457.1970440791704,1607.4865982379174,238
Little Rock,31,17,14,1417.571709510932,1417.571709510931,1439.8104497296333,1344.7417536938733,1486.623948922428,1394.1525216692241,1560.9349695007058,1690.5752213916503,1316.6193613556172,1414.5210098268878,239
Presbyterian,30,11,19,1417.0157038725802,1417.0157038725793,1474.1363468327322,1514.6678068541896,1489.0048557573407,1460.8138095290628,1427.0001713607721,1502.8393703991158,1478.006990451118,1474.5373681694266,240
Cal St. Bakersfield,31,12,19,1416.6469290867358,1416.6469290867349,1429.417931423183,1397.209184928402,1665.8491132255417,1544.6540613766983,1397.4732870033747,1510.1175227071546,1489.1202519217704,1264.8290087710961,241
Northern Arizona,30,14,16,1416.317860848778,1416.3178608487772,1437.727487559411,1559.556893586187,1566.2969242711567,1374.6237378786232,1408.9963284215237,1376.8796421591005,1630.3865774082117,1476.0802978249408,242
UC Davis,30,13,17,1412.0949503868437,1412.0949503868428,1356.1931495340605,1367.3964965740647,1473.156367562869,1583.7522124855705,1549.2351482499125,1648.8680067348853,1412.2979740011515,1402.3540988560749,243
Charlotte,32,10,22,1407.0050764298712,1407.0050764298703,1420.2854590977502,1572.100824817909,1372.9411251024897,1673.0910900991244,1384.5800504424526,1397.4305110615892,1524.0147834533814,1482.1400895951317,244
Richmond,30,8,22,1405.7453231877657,1405.7453231877648,1458.5273657637276,1582.2874633422332,1225.768115796679,1470.783332302543,1471.788209542395,1427.0310569306978,1538.2655191698334,1462.6094876461775,245
Evansville,31,10,21,1403.0554218902125,1403.0554218902116,1435.0277854586386,1459.8739728081587,1326.7231946833085,1447.729840818973,1565.1507957294682,1470.1666301721173,1489.6414192770455,1512.278554155751,246
FIU,31,8,23,1401.3453381314177,1401.3453381314168,1382.8618136942118,1332.0009496260514,1543.652690731822,1538.5373262731225,1483.443678781708,1647.2449240428061,1489.356555463736,1429.565318671475,247
Siena,32,14,18,1400.6188029220643,1400.6188029220634,1412.7006682908432,1490.8925670938931,1437.3210573567853,1583.8928041734407,1441.6470965128892,1489.673359465098,1458.4453675898149,1465.099174079058,248
Manhattan,30,16,14,1400.335182908977,1400.335182908976,1459.0409348072988,1538.9450694928291,1531.709297510898,1451.7297317477141,1421.3476954185683,1363.9850825761828,1400.4379523969696,1576.9842755632492,249
Colgate,32,13,19,1397.805705924168,1397.8057059241671,1568.3261476156104,1479.5559988917096,1337.1791017748797,1337.825404622447,1415.9334659388694,1431.0443766542796,1513.837001779714,1599.0351551750925,250
Tennessee St.,30,14,16,1396.9497206463152,1396.9497206463143,1498.8822450816551,1323.0401792128914,1558.495233809751,1600.0120061520106,1494.3044537112594,1482.7539185713201,1447.589099027672,1355.2131957709064,251
Fresno St.,32,6,26,1396.874127288153,1396.874127288152,1377.7807389192128,1507.941960262664,1457.4840185219819,1533.39589345152,1454.8806425754583,1537.311272080335,1395.474840485207,1681.7680294037652,252
Mount St. Mary's,35,22,13,1396.1109127253496,1396.1109127253487,1480.1250567804216,1315.328890978849,1491.1085974463545,1446.9235391192487,1514.8417487241736,1396.4051205477633,1528.9717105985642,1566.7275279774512,253
North Dakota,30,9,21,1395.714193959763,1395.714193959762,1447.6802530267782,1486.919950114518,1627.3602244881642,1474.682199031639,1354.223765560699,1411.9214315162035,1513.1205382455876,1511.6588055190446,254
Tulsa,31,11,20,1395.549433894459,1395.5494338944582,1439.280322786757,1516.0880564040685,1386.076162609049,1494.0451763357562,1500.5165712954795,1360.7697897255607,1468.6109937644023,1548.166163597938,255
UMass Lowell,29,14,15,1394.7807575876832,1394.7807575876823,1597.152069900825,1451.8044109553853,1356.6474425866045,1471.5553919032025,1422.4701504757377,1356.5573699356148,1414.016465297731,1598.4587725636661,256
Harvard,26,11,15,1393.1839352049408,1393.1839352049399,1489.8437859294766,1423.9461063836468,1380.2793261440363,1389.0652705171856,1461.1560663375567,1509.847524290445,1444.0217221193673,1613.9231351196847,257
American,33,20,13,1392.4580501364187,1392.4580501364178,1496.6385115863761,1473.052426941357,1323.906450644625,1460.3560237014017,1437.1584752135502,1500.6560875145929,1481.698419351338,1456.3595353897008,258
Vermont,31,19,12,1391.8280320603797,1391.8280320603787,1418.7989393651217,1484.5344791060413,1327.0925954288302,1453.5486842615069,1536.679921350708,1416.4964538886409,1538.8086876453326,1552.2199156784263,259
Monmouth,33,13,20,1391.2457389202684,1391.2457389202675,1390.6126671751458,1528.7722919854853,1502.3706809555147,1582.6396151477973,1478.8700688995739,1485.95141415823,1356.4819735609387,1441.4071647042144,260
Georgia Southern,32,16,16,1391.0409184837554,1391.0409184837545,1462.137911143064,1364.1621172241528,1588.6102570301148,1362.4251712998182,1477.146009645331,1529.351889533434,1442.017945271482,1322.2122934058802,261
Gardner Webb,31,11,20,1389.7498495241612,1389.7498495241603,1482.3942460598453,1322.182817355828,1590.6994244118582,1542.8789681217042,1460.5779717537305,1371.3737549771581,1510.1033181716055,1493.8031564241305,262
Stephen F. Austin,28,11,17,1388.1480172584309,1388.14801725843,1366.221439882453,1313.2716738993417,1620.841803313967,1458.1425326273134,1511.3030966712522,1636.9856000757527,1438.6277060175698,1453.548001152339,263
Mercer,31,12,19,1387.5330930130797,1387.5330930130788,1409.9488344196716,1505.6658248381682,1465.2095906528123,1416.1270254522262,1504.9527639215776,1453.2012315701054,1518.8603194064037,1481.8795058029839,264
Idaho,31,12,19,1387.2633208264444,1387.2633208264435,1506.9471518048094,1464.21224769601,1514.391690799767,1472.5329285304222,1400.2251684096018,1366.1080548000489,1466.853526560794,1428.5266290125535,265
Georgia St.,32,13,19,1384.4028341431585,1384.4028341431576,1492.3573061048965,1471.0000831787036,1576.9386674180873,1482.5834650853324,1448.1187799326324,1291.559171653471,1474.1258120822513,1611.2914790564914,266
Houston Christian,30,10,20,1383.4737057924706,1383.4737057924697,1443.6344913450655,1503.1747061709746,1384.732270998478,1434.4610938099288,1423.6913826103914,1517.9537070436354,1485.7920850880953,1531.6374268465433,267
North Florida,30,13,17,1383.348460771801,1383.3484607718,1542.6424877927384,1590.710716054585,1445.0017574917474,1372.9279874242866,1391.312796799819,1399.5175937014085,1379.4531022069323,1512.9564976233169,268
Alabama St.,35,19,16,1382.812556100725,1382.8125561007241,1353.6881232647227,1729.5619468255798,1391.1028694677314,1394.0581624117638,1444.3222827200025,1529.2115030372488,1461.5831541097812,1401.2005384309305,269
Jackson St.,34,16,18,1382.6962399368265,1382.6962399368256,1388.8428864958996,1430.143572996882,1471.630870722763,1549.602685340627,1468.6260072877728,1502.0869679063496,1464.007858729694,1532.2242111975493,270
Sacred Heart,32,14,18,1381.2736942483155,1381.2736942483145,1463.388691047471,1482.1177647595562,1498.1052734976608,1375.579254359766,1406.594117811596,1493.200674716031,1448.649347123285,1542.6668976507276,271
Ball St.,28,11,17,1380.7352975763886,1380.7352975763877,1449.1973521429031,1538.6915497760506,1396.9746692943877,1680.544484957885,1437.374955905643,1359.799692792321,1501.3226507688034,1510.6595292401396,272
Iona,34,17,17,1380.5488855429992,1380.5488855429983,1360.6658062764543,1296.0237577785779,1721.9976435191334,1412.8925665100548,1428.6052904785106,1732.5323696451692,1409.8046578806154,1393.7473773430656,273
Marist,30,20,10,1375.91275870175,1375.912758701749,1412.9981586887536,1426.744985581641,1460.506733644485,1314.5723970318295,1542.3347559159797,1415.2894382381367,1522.7427303829172,1443.7982828242082,274
Pacific,31,7,24,1371.3265961783345,1371.3265961783336,1433.6184890411291,1360.5857090004213,1512.0547055642423,1498.6209256383022,1468.5606344506182,1389.855523370008,1550.4583084368835,1441.0425758143501,275
Eastern Washington,30,8,22,1370.8011617233947,1370.8011617233938,1470.8109406925178,1393.767192721941,1472.1441079146305,1440.3281092834584,1411.6704017718077,1565.7659922507942,1432.7177985156352,1368.1727721075893,276
Austin Peay,31,12,19,1367.3568173070425,1367.3568173070416,1386.8075944498607,1588.5716317252409,1386.9676338752129,1461.608077405819,1416.3168991439436,1524.352352895621,1466.739372806336,1414.6096036731094,277
Portland,30,10,20,1366.5776257932628,1366.5776257932619,1511.1691010484258,1438.0741069164076,1362.97609939421,1469.3796270027688,1413.7440310708607,1296.934710416035,1503.3755744786213,1679.8779449651547,278
Navy,33,14,19,1365.191352233968,1365.191352233967,1385.511651289777,1501.7946788067838,1527.6734971437813,1549.427419541584,1426.624926949168,1480.3279505938851,1469.8768602036191,1455.918505702433,279
Eastern Michigan,31,15,16,1364.959117106847,1364.9591171068462,1474.0456133630987,1436.5216879949849,1495.5527285071303,1483.0792161806146,1381.1031893295603,1562.4972915032456,1420.397971814721,1382.569503701315,280
Albany,31,15,16,1364.9546544102252,1364.9546544102243,1421.5350216633196,1510.3059457348909,1519.686361887072,1464.422527690886,1341.5142657375045,1588.7222366693302,1452.211904559292,1410.1953743201336,281
Texas Southern,29,12,17,1364.6792433919682,1364.6792433919672,1350.2765701933909,1433.640183223906,1485.4058851069824,1374.6103190972963,1547.0849779819014,1592.562583228623,1327.9594404370168,1465.4187025290846,282
Bethune Cookman,33,17,16,1363.4741111619571,1363.4741111619562,1400.8685150342974,1441.9896252728106,1438.3016299893532,1533.2887422506606,1507.8880948779063,1475.5418247544994,1462.8519874245626,1519.1785995101682,283
Columbia,25,10,15,1363.360347909607,1363.3603479096062,1519.7006653406734,1542.1302052283422,1375.6970610538865,1454.6314039727022,1318.772542044456,1452.8407178178718,1538.1963273726494,1587.3250354566098,284
Lehigh,28,9,19,1357.9843211529073,1357.9843211529064,1477.769477808079,1563.0504139111595,1266.2784999956953,1488.9109283107148,1493.3380839752201,1419.7521212189283,1453.2313092657573,1442.060883852436,285
Weber St.,31,9,22,1357.5265451665148,1357.5265451665139,1445.6991979240179,1462.691910342027,1412.2026183014218,1505.8358027312672,1437.2573236305386,1451.5587954861755,1495.0530122920193,1409.7881314647987,286
Western Michigan,31,11,20,1355.6035934692202,1355.6035934692193,1339.9029083948126,1563.2829565943764,1620.0140068423254,1441.1405459561274,1366.006081846907,1496.5842548507042,1519.7848334115904,1496.7008723065742,287
Saint Peter's,27,11,16,1354.4975147580828,1354.497514758082,1255.4431705914794,1324.0571059453325,1659.7702404209049,1550.0950175969626,1566.0698040040363,1499.1930290932191,1408.1136037543379,1359.7076764999401,288
Air Force,32,4,28,1353.8172251089952,1353.8172251089943,1494.7358599560673,1359.5976063673372,1335.2854726087792,1551.9164460473141,1408.7322324248596,1458.840325143323,1532.8493899372484,1468.4076656646591,289
Bowling Green,30,12,18,1353.0410591753798,1353.041059175379,1400.9381566799823,1463.8340978799067,1378.2845079541428,1486.2296947444577,1402.9576200769206,1521.6995915596096,1527.8184132001645,1545.961863936711,290
Lafayette,32,12,20,1352.8550855368328,1352.855085536832,1431.2514905690086,1467.9493134304887,1335.2473039081963,1463.1542369910892,1503.297862127048,1438.9258655738142,1437.7801589943601,1577.9668516513116,291
Tennessee Martin,30,11,19,1351.8612937990817,1351.8612937990808,1395.2251814375818,1395.5627970349092,1598.0758216622596,1483.8624358226082,1405.4436345939396,1562.7254797581827,1428.7552356414433,1468.6017183265515,292
Denver,29,8,21,1348.5089357312042,1348.5089357312033,1445.8922498354423,1381.1911873895588,1436.8643453422847,1464.1127820784498,1430.68307236961,1514.4937068838303,1505.825409193211,1201.7931916655,293
Southern Miss,31,9,22,1346.0584970437676,1346.0584970437667,1408.6285464250523,1382.4356633121045,1453.4420789718665,1478.3250955954293,1460.3116790165157,1458.4633981305947,1504.3723526617584,1437.911208283721,294
LIU,31,15,16,1345.8836679059232,1345.8836679059223,1352.9074039734987,1348.095943396341,1518.7422190109178,1392.3352980682218,1554.6654208564123,1562.3675841935892,1464.2165924961996,1293.1692510525909,295
Utah Tech,31,5,26,1344.889089018457,1344.8890890184562,1443.7352510592646,1477.6465573033895,1429.84099575336,1474.3326771568136,1411.4597125130742,1461.0413248732432,1453.0787629205686,1427.8826335684726,296
Old Dominion,33,13,20,1343.618900494576,1343.6189004945752,1283.5337865763347,1472.7145733887455,1658.8468504726961,1434.9924875664913,1450.6355299883542,1410.8354670245817,1464.172917326014,1465.789673010728,297
Tennessee Tech,30,13,17,1343.6118876456935,1343.6118876456926,1469.6114648612934,1513.946450105938,1326.2902340126482,1374.280767222966,1468.5843590104778,1378.4400899538239,1425.2926277125005,1673.4529288958724,298
San Diego,32,5,27,1342.5435428325402,1342.5435428325393,1369.448609242041,1398.4613187286507,1525.8100194799626,1476.8093024576947,1430.1264125471746,1519.1746790257241,1465.2343709463867,1265.749013344328,299
Tarleton St.,29,9,20,1341.418155628201,1341.4181556282,1356.7384831524848,1169.0086836298412,1465.149987158489,1622.2058122072963,1464.4842244675476,1748.1913472414699,1442.8280391326389,1276.9431582035875,300
Charleston Southern,30,8,22,1339.955696969596,1339.955696969595,1413.7462203010084,1374.7553568754597,1520.5532696341293,1698.4489711295332,1447.723019117463,1325.9357002887027,1566.3548034156302,1545.3070390608345,301
VMI,30,11,19,1338.9685412610452,1338.9685412610443,1415.1609571688962,1424.0493088362755,1377.5395035804136,1570.1506866023237,1401.8730782432535,1503.9712343478259,1440.266047370622,1523.9554887430368,302
Boston University,31,15,16,1338.613506326459,1338.613506326458,1423.6521110894842,1323.8710137925557,1530.012304899274,1452.6437349980288,1428.1751754912143,1454.0733519354217,1561.4747034745474,1464.0768443313696,303
Long Beach St.,30,5,25,1338.009244378153,1338.009244378152,1470.6663577657364,1279.1838978429307,1484.825233647705,1544.8541458481266,1431.265443131858,1450.6064794397735,1370.1265504643627,1464.3615948216132,304
Penn,27,8,19,1337.3755460252066,1337.3755460252057,1453.6048108952882,1499.2465907791081,1408.3443610506702,1472.371238212185,1445.910365318339,1315.7997210181427,1460.5591991116105,1612.3360649440074,305
Southern Utah,28,9,19,1334.4818328515755,1334.4818328515746,1368.5912314201098,1339.4945028292552,1534.749754973958,1508.3987130590363,1490.0944225738926,1354.8095152954256,1496.0934341324487,1534.86068498378,306
Fairleigh Dickinson,30,10,20,1331.7745188231193,1331.7745188231183,1420.7770995755777,1481.309077042015,1366.4591168271697,1482.1183562850017,1468.720527133661,1498.0739080510339,1363.0001888609734,1503.4206596143242,307
IU Indy,29,7,22,1331.5766956805176,1331.5766956805167,1444.0608188652886,1619.1423230337011,1497.263747877071,1487.8436775216737,1285.6306914456425,1428.0101954315098,1409.9819313380212,1473.395649971472,308
UMBC,29,10,19,1330.264807015421,1330.26480701542,1603.9917822568855,1539.2225433912158,1172.1867264125053,1456.8542098207756,1343.0588015290093,1473.0460859506616,1348.7625174834754,1555.8403230807285,309
Howard,28,10,18,1329.5325497610102,1329.5325497610092,1534.4045853659125,1358.054644611623,1410.4439683861283,1496.9091952884373,1411.5123883521264,1432.896492718345,1424.512915403482,1386.7540359793584,310
Delaware St.,26,12,14,1328.8941317203994,1328.8941317203985,1385.1540605837763,1470.904132024616,1534.9414512108954,1516.2746486461504,1361.1078149731848,1594.1315149703476,1415.1774818880704,1394.7820367201825,311
Loyola MD,30,11,19,1328.6869765094916,1328.6869765094907,1437.6817750757925,1445.145374963762,1448.1763967124912,1429.6882783337971,1415.8239772112547,1455.20385929017,1468.0670824770075,1531.8233278931245,312
Rider,33,14,19,1327.909039391232,1327.909039391231,1361.6403528953547,1519.860111862201,1535.7068213464315,1438.6744157475948,1384.09952549557,1417.478921487361,1435.6644409507405,1571.038185995269,313
Grambling St.,31,9,22,1324.3027776262463,1324.3027776262454,1361.0940692217514,1485.422999769204,1338.3337009556903,1474.148915131933,1472.5329250022355,1547.1635904891937,1445.1118797524816,1522.8244050445674,314
Oral Roberts,26,4,22,1323.853827751286,1323.853827751285,1448.2218984738643,1512.9023154585393,1341.8256499299055,1511.0372806646085,1397.5409716229442,1364.2808468746687,1434.6688470900247,1406.211959245875,315
Saint Francis,31,13,18,1321.8466092956005,1321.8466092955996,1512.6422752390522,1415.9521637225273,1344.7390075869941,1320.7332976424639,1444.4172589169486,1425.5846750523187,1424.7000516940866,1561.282447388582,316
Holy Cross,30,11,19,1320.7679191097325,1320.7679191097316,1541.4625516753501,1440.268982875791,1304.2212536136801,1335.4835888914479,1403.0576769177844,1309.8388275260595,1485.9579008836736,1608.4364677792237,317
Louisiana,32,11,21,1320.5581584411486,1320.5581584411477,1354.614326825956,1535.0788822982408,1384.8635126253043,1423.7844912412374,1423.01516681935,1586.9645698562272,1377.2387997107396,1285.7275922331175,318
Army,31,15,16,1320.2882080658146,1320.2882080658137,1423.5304378053,1583.4312966731218,1367.8441421276264,1385.5860592269798,1413.7432963269407,1412.9142262842768,1433.381557257538,1568.541827904262,319
North Carolina Central,29,10,19,1317.4478446110595,1317.4478446110586,1414.011241636717,1440.7801873015594,1580.842409567156,1550.266651881392,1331.1559531217454,1622.049156212653,1266.855578557156,1400.8103487326166,320
Niagara,30,10,20,1316.3193851842411,1316.3193851842402,1512.3160227108342,1424.383973442805,1287.8759832041853,1447.8577669723984,1352.1703288231495,1437.905744499512,1532.5608245140747,1507.881105970512,321
Eastern Illinois,28,9,19,1315.5583902384567,1315.5583902384558,1305.64818260954,1423.9073696274186,1486.8614938799979,1476.287770679998,1453.1833916460832,1665.6066331437694,1440.281178807491,1365.3004691011333,322
Coastal Carolina,30,8,22,1313.9693386355261,1313.9693386355252,1426.3318138588454,1430.861788093411,1457.8316634460477,1512.2092095350733,1501.9869751391761,1168.8633861854962,1545.1232668305397,1417.744221386023,323
East Texas A&M,31,5,26,1310.8389956016504,1310.8389956016495,1449.9269115336458,1314.052753487832,1431.6160334246772,1379.5269386699972,1382.5567572596572,1643.3153170354803,1381.796757887433,1430.7388758381644,324
Stonehill,30,13,17,1309.474242848801,1309.4742428488,1469.7417303899483,1453.413761164598,1355.7614879031664,1450.6273557323054,1440.3470540334715,1404.8104313038812,1436.828474339623,1450.4974795048913,325
Binghamton,29,12,17,1308.8613932000958,1308.8613932000949,1474.0307633994228,1382.5194136046134,1352.5882549583935,1507.8981986241658,1498.3305865157251,1275.8365791868023,1483.2705147002416,1487.154004122383,326
Lindenwood,30,13,17,1308.012991571102,1308.012991571101,1308.0499501158633,1470.0989372883466,1475.9155027213692,1513.4339478397392,1456.5590661969811,1583.5835652787591,1430.3412979529114,1470.313926086102,327
Florida A&M,29,12,17,1307.211261922715,1307.2112619227141,1469.9870006036106,1411.1828514546028,1400.7971193115523,1543.0235643027565,1430.4407772919556,1391.8982299629663,1448.4861541126518,1390.62432800661,328
Morehead St.,29,12,17,1303.0785996770148,1303.078599677014,1346.86613050088,1482.4019091650437,1494.7085313019136,1537.8788352288007,1458.7339229451172,1354.639582569311,1589.8170501751435,1424.9577428059229,329
Alcorn St.,31,11,20,1300.5418622181323,1300.5418622181314,1349.9249919260672,1422.71949231949,1553.0844562686,1443.7114478175035,1398.3930681452157,1549.898444839527,1400.4495896353392,1550.2587587510372,330
Green Bay,31,4,27,1298.3863955420256,1298.3863955420247,1477.6049546117447,1494.925471307432,1173.8957635046988,1571.4409429725663,1372.9337094787757,1377.8699625645884,1469.286880600779,1455.2185730416877,331
North Carolina A&T,31,6,25,1296.3470037750224,1296.3470037750214,1336.5695009544106,1552.5326370127834,1409.5842687254383,1485.8723329874088,1461.3881534830234,1386.6182103552387,1441.9443609092368,1562.4381445464192,332
Southern Indiana,28,8,20,1294.1155658182358,1294.115565818235,1382.682370001729,1499.7345267529406,1410.5059723508402,1416.072598047507,1421.1492759846603,1432.6040376603814,1416.3331078640933,1426.115845700775,333
Detroit Mercy,31,7,24,1292.6244620146815,1292.6244620146806,1297.2151498647443,1433.0401734977318,1548.0400066087332,1445.4740211348944,1480.6565807273462,1444.2869561896077,1463.0621295524018,1401.0861398072918,334
Stony Brook,31,7,24,1289.05592057756,1289.0559205775592,1393.6323372350716,1439.2457461387296,1474.9173480062352,1487.0117139048473,1320.9019808554174,1393.8003283754124,1449.2208382174167,1561.0618093868673,335
Fairfield,31,11,20,1282.2286205633886,1282.2286205633877,1341.5324302980353,1567.0969689188487,1411.3978313571656,1382.8719693825303,1364.0305165267341,1512.3829732424992,1447.351034304983,1479.0876336087247,336
Sacramento St.,29,4,25,1280.438921608051,1280.4389216080501,1377.2871552083632,1339.6247958455037,1471.825664000188,1422.243135685394,1378.4128860933417,1485.0473574366024,1558.4194527124073,1379.8861026671987,337
Morgan St.,28,10,18,1276.743266428865,1276.743266428864,1372.6181937931863,1513.1460639603933,1557.1680236203051,1499.7498104410643,1397.1604564273005,1456.747333711933,1280.0670542450587,1427.987525183723,338
Mercyhurst,28,12,16,1272.6335900278516,1272.6335900278507,1406.5216470556059,1530.915829264211,1255.2641711106935,1434.8709952235647,1329.6809955291858,1590.9363762648331,1316.8621204305473,1377.2458191540065,339
Western Illinois,28,9,19,1272.3338863514787,1272.3338863514778,1447.1762700779464,1469.6994899706053,1411.0007677010758,1373.5179346448708,1427.0010470074503,1342.5710852624404,1405.4678762918836,1526.9553069663486,340
Wagner,26,10,16,1270.1992701958013,1270.1992701958004,1264.398174697531,1403.8580205719268,1495.735982326871,1418.117451289418,1448.5612422554595,1501.6691016093255,1545.2821407666484,1324.3422478892057,341
Central Arkansas,31,7,24,1267.6387639452528,1267.6387639452519,1373.456673011011,1430.3951006803675,1443.51177474411,1432.774882812588,1328.7182089898422,1492.0676494577242,1454.2299616944001,1656.7797549835163,342
New Orleans,31,4,27,1266.0694861983063,1266.0694861983054,1369.8476025284149,1487.9824241073218,1538.164715534607,1502.763465147873,1380.626439600448,1456.6091712994164,1383.063536614578,1587.559826730076,343
West Georgia,30,5,25,1264.3795141274961,1264.3795141274952,1363.839948455146,1515.1777792356363,1387.6535246949004,1460.765841239719,1341.185480917861,1488.6299978711165,1487.0275631030627,1407.7616190854455,344
Bellarmine,29,3,26,1262.343566692875,1262.343566692874,1542.4819314016913,1466.24169790674,1223.4484053104015,1390.0788401263412,1261.372535774687,1424.7688496994456,1470.4229374174386,1428.5512012329843,345
Buffalo,29,7,22,1258.4857971459296,1258.4857971459287,1394.7583672288717,1379.2304047707762,1365.134859651996,1512.3287837796856,1369.608146605242,1483.2018278577968,1471.48543972086,1530.4349218721609,346
USC Upstate,29,3,26,1257.3359259194226,1257.3359259194217,1445.5664725746074,1398.7908574464393,1382.1465988284524,1447.5750965032707,1352.0349726524353,1454.0545041317253,1462.708193881585,1469.8035202862436,347
Western Carolina,27,5,22,1256.0226169804168,1256.022616980416,1330.4133976428905,1429.537223442048,1386.367013086202,1370.723329981329,1507.2042682299618,1320.9293303424947,1523.8045468859345,1468.3547513179794,348
Louisiana Monroe,30,5,25,1254.0439019381895,1254.0439019381886,1321.6323105481958,1498.223990859087,1441.7906213006193,1431.3493892475594,1373.3015262690606,1424.739785649683,1458.3312505013616,1634.3857392997936,349
Cal St. Fullerton,30,4,26,1240.4056558013058,1240.4056558013049,1321.411501152616,1319.9160108532976,1429.721141082039,1595.306929111986,1419.8351941712874,1386.7974369136193,1544.3696623158178,1480.795096057677,350
Northern Illinois,28,3,25,1236.5419492368512,1236.5419492368503,1340.8483019782004,1553.8066286865876,1184.564447503638,1459.344615869784,1405.995462669083,1485.301361894878,1455.740277801905,1301.2116049972362,351
Le Moyne,30,7,23,1234.5141252384444,1234.5141252384435,1501.2861092535227,1367.8339775716966,1374.7862712030299,1578.2077725156782,1330.5158436062422,1429.478941832153,1341.5087604283378,1365.4514339165803,352
Stetson,30,6,24,1234.4130108729644,1234.4130108729635,1439.7834331060515,1417.7563859485333,1328.245278648224,1518.2093704090819,1417.5329521667843,1322.2131919334795,1366.6479071220483,1556.8210743053878,353
NJIT,30,5,25,1224.6821996188344,1224.6821996188335,1294.155629349155,1454.6005821948684,1400.9697441098033,1394.6724667209858,1491.5673902685878,1319.708995208717,1391.1046879837122,1386.4842395070498,354
Prairie View A&M,31,4,27,1211.4728375874606,1211.4728375874597,1399.2076183000856,1556.5077610045562,1298.841718043355,1497.4877751032816,1294.2788694245799,1608.601050424064,1244.9523486616622,1381.3288865443083,355
The Citadel,26,1,25,1204.3031065825649,1204.303106582564,1354.456835921945,1365.3545491657599,1429.0026104471474,1479.9874024190096,1377.2510854642962,1398.8715892784555,1421.723031185561,1474.8774107228528,356
Canisius,31,3,28,1200.496696423834,1200.496696423833,1499.738587696715,1468.0060028953048,1154.1133907662204,1335.737005489744,1276.910375595348,1446.2507075403062,1360.361093572106,1491.9747041392575,357
New Hampshire,30,6,24,1194.9856329490071,1194.9856329490062,1363.5442893842192,1368.6825700376598,1386.3736985610324,1397.8098278244665,1394.126177380595,1481.7669219923769,1361.8957561114835,1444.3241511113883,358
Maryland Eastern Shore,27,2,25,1190.6687303604363,1190.6687303604353,1334.518356024229,1445.4268973138935,1383.163072069457,1514.552154227812,1346.5427337896224,1406.9082026468843,1420.431979001543,1395.8563490647582,359
Alabama A&M,29,7,22,1177.2731570073897,1177.2731570073888,1277.0920719017927,1291.6627928694836,1545.3516381025634,1545.3369832403,1317.3656421244357,1645.2563867913952,1326.324839704277,1258.7742807420636,360
Chicago St.,32,4,28,1176.011880688904,1176.0118806889031,1316.2965992652312,1436.5743770418655,1289.5664411758924,1370.6371982585968,1379.6816074520755,1527.4365292561945,1351.8237216571683,1410.40016656936,361
Coppin St.,29,5,24,1170.6698521024832,1170.6698521024823,1262.3505094766385,1338.4166039275701,1353.196654377143,1535.8250059091154,1341.4514412437213,1636.4082331303741,1379.1793491854085,1459.2691605726695,362
Arkansas Pine Bluff,29,4,25,1119.9957114583074,1119.9957114583065,1449.8144018810412,1395.1259549184126,1346.1139269149255,1472.7151717515926,1267.356525797363,1471.7945778820736,1348.4589390628062,1368.0412239390143,363
Mississippi Valley St.,29,1,28,944.0456739849438,944.045673984943,1229.6718656900125,1222.5227321811935,1269.5849624825894,1443.8634841961364,1269.4176856385016,1395.1978784852583,1267.3986909694245,1416.1910149817643,364
