team,conf,adjEM,WAB,Power_Score,Power_Rank
Michigan,B10,34.19814065417404,3.3462450930425405,104.51601472041553,1
Duke,ACC,29.473056816610864,3.5283055782298622,101.40939326166875,2
Houston,B12,27.93121071375738,1.5010154720989823,90.42731024042038,12
Gonzaga,WCC,28.33621210882876,2.825551196982615,97.09556903821789,4
Iowa St.,B12,28.07878010916656,3.058179524342968,97.99021785651766,3
Connecticut,BE,27.273000523136503,2.150158815208833,92.97442085109715,6
Vanderbilt,SEC,27.949159460264568,2.3454502005129485,94.47636060658684,5
Michigan St.,B10,25.870341911351105,2.370558189696893,92.84689803718115,8
Louisville,ACC,26.430273179059085,1.569266839185644,89.49025624552308,13
Purdue,B10,26.57771102373887,2.248201180388854,92.85766548119065,7
Alabama,SEC,26.35959359901392,1.970722274292484,91.34856779861785,11
Arizona,B12,25.092195146742796,2.4298765238642672,92.4754266397579,9
St. John's,BE,25.317476463468935,-0.1770373952488096,80.2115314712478,26
BYU,B12,25.25480076014142,2.20593815059219,91.542490473405,10
Illinois,B10,24.90533990902547,0.243166488866247,81.8720568373115,22
Tennessee,SEC,24.16068222379907,0.5828889374205455,82.86828518771497,20
Florida,SEC,23.965280688482324,0.3600879293834164,81.63950538018376,23
Kansas,B12,22.552445640283466,1.0522820016906231,83.75722728204528,16
Arkansas,SEC,22.39806116955036,0.7470594143258512,82.1692291298879,21
Virginia,ACC,22.353692970558896,1.168693326684071,84.14607725758373,15
North Carolina,ACC,21.207794769098115,1.5563655478061278,85.0337067717418,14
Indiana,B10,20.864774304135906,0.060876749683639,77.60094808873636,35
UCLA,B10,21.02652206180916,0.1998259264198744,78.40083868175228,31
Iowa,B10,21.14561882176028,1.2230463518930286,83.38908548200135,18
Kentucky,SEC,20.50854463833349,-0.8594059431941405,72.90488815721987,51
Georgia,SEC,20.59346605157333,0.6697213641348385,80.28114083583671,24
Ohio St.,B10,19.948528434099757,0.5269451494533018,79.05634504917539,30
Auburn,SEC,20.05223285768264,1.416356736724809,83.39242092834816,17
Wisconsin,B10,19.155515352530003,0.3041788602744448,77.32481773033689,37
Saint Mary's,WCC,18.30592745019956,0.925241411120181,79.5767319093964,28
Miami FL,ACC,18.113445419183606,0.6696870768301764,78.19394319315955,32
USC,B10,18.439621323685984,1.6542275283747037,83.17167719978787,19
LSU,SEC,18.142417734949603,1.098122884288644,80.26500352353511,25
Clemson,ACC,17.870202736117008,0.5906128443256071,77.61149980883523,34
Missouri,SEC,18.067057642670406,0.0457375405496845,75.174239215162,41
Texas A&M,SEC,16.98380148738775,-0.1320829596532644,73.41317140826304,48
Santa Clara,WCC,16.543833897737343,0.9085333419561292,78.01404557858336,33
Creighton,BE,16.584424236676824,-0.2867426345232278,72.33825579329906,53
Texas Tech,B12,16.25256419399308,0.488452021449442,75.76216197791686,39
N.C. State,ACC,16.71121836444388,-0.2007686057899853,72.85566417707913,52
Villanova,BE,16.030650965090572,0.3155323324374747,74.74935940039532,43
Nebraska,B10,15.73201346960316,1.4205502551363198,79.77682107260696,27
Oklahoma,SEC,15.894099676711136,0.4457523437766261,75.25651967918816,40
Oklahoma St.,B12,15.398668243811358,1.38244083141788,79.31424571894007,29
Baylor,B12,15.706504697451493,0.8095523078431484,76.83655857356166,38
Texas,SEC,15.29319675512204,-0.7141723834286948,69.20976467040552,65
Boise St.,MWC,14.591459340113204,-0.744731965012403,68.47323927795019,70
Saint Louis,A10,14.76182425586309,0.5578982766885461,74.83939775273778,42
Wake Forest,ACC,14.552698843946374,-0.0921567537941837,71.55803527014527,58
SMU,ACC,14.67498144355578,1.150947681545517,77.5993701113443,36
VCU,A10,14.205807851784783,-0.124283777759461,71.11263912524586,59
TCU,B12,14.193664131948935,-0.392943278368713,69.81900747590791,64
San Diego St.,MWC,13.801096222310505,-0.7637844200318981,67.71710255730356,75
West Virginia,B12,13.337634410696523,-1.1834938802569253,65.32208901090083,84
Syracuse,ACC,13.685137636048808,0.1019508041907305,71.75521920738633,55
George Washington,A10,14.242773517539717,-0.2757322765592365,70.42026314717614,62
Mississippi,SEC,13.415545677256915,-1.174041879674186,65.43280748745838,83
Washington,B10,13.391279507492698,-0.0765355028008449,70.65527992903434,61
Butler,BE,13.115214983420998,0.1864373686520717,71.67920755457254,57
Utah St.,MWC,12.940012757992648,0.6301401812175683,73.6513790146422,47
Akron,MAC,13.56167144042925,-0.0588152488332741,70.8833227248739,60
Northwestern,B10,13.012479586294035,-0.8211638398591088,66.77934397719591,77
South Florida,Amer,12.822226686940851,-1.1394067179686085,65.09896196750636,85
Virginia Tech,ACC,12.558426904607089,0.8430233884927437,74.34722319976885,45
Notre Dame,ACC,12.431066899199578,0.645279276590252,73.29540218617026,50
Memphis,Amer,12.096000931481697,-1.2372499187327404,64.02040837304189,91
Seton Hall,BE,11.814994032078957,0.9560037475713136,74.26131353983226,46
Colorado St.,MWC,12.537902571810037,-0.2540650913789443,69.0890541417967,67
Cincinnati,B12,10.705085127562114,-1.2299471522227254,62.88478462656364,95
Oregon,B10,11.366534357969869,-1.674572219783251,61.31740323824673,101
Dayton,A10,11.12097000068978,0.0056986723510382,69.13756670375223,66
Colorado,B12,11.552596457118241,1.060925859144428,74.54171877552896,44
Yale,Ivy,11.47214762629332,0.4783472590164689,71.69098403045244,56
Providence,BE,11.286742349655071,-1.1113238130858374,63.94094689241424,92
McNeese St.,Slnd,10.577205058695299,-0.0848752048346286,68.24728723945654,72
California,ACC,10.696979425340132,0.6429785854793884,71.82510948874938,54
Mississippi St.,SEC,10.53708047532082,-1.718003272327795,60.41191121641803,108
UCF,B12,10.641760794075452,0.9799056232241904,73.38817368021482,49
Northern Iowa,MVC,9.9119189529101,0.0645290783669569,68.40114170779572,71
George Mason,A10,10.162946257223425,0.3367190124555588,69.91266840718455,63
Liberty,CUSA,10.478387020279499,-1.2708980847882665,62.498382811633064,96
San Francisco,WCC,9.919969012101575,-2.081131834198345,58.15788789585664,118
Xavier,BE,9.770336449609971,-0.1903918387116709,67.06421281926265,76
Utah Valley,WAC,9.054443406628224,-0.7289197182539918,63.88916157019288,93
Stanford,ACC,8.907450341503036,0.3145054622223937,68.75000348537476,69
Illinois St.,MVC,8.531858660299449,-0.5992400463367502,64.06887842193211,90
Marquette,BE,8.267316222790342,-2.434640430923213,55.07837175840592,137
Penn St.,B10,8.449786822576641,-0.1349892211419501,66.21758255632689,80
Arizona St.,B12,8.368415472230836,0.4640227346217157,69.0106430413731,68
Georgetown,BE,8.333543024516871,-0.0870588278625001,66.34872696968189,79
High Point,BSth,8.4739192476774,-0.98417355637381,62.18125580533886,98
Kansas St.,B12,8.09741576958642,-1.3833838069730913,59.95734777290387,109
Grand Canyon,MWC,7.678211635575963,-1.2082750708311971,60.44108243483411,107
Minnesota,B10,7.958869188316612,-1.4433186100980715,59.554441123818776,111
Hawaii,BW,7.5374205893486845,-1.0100751672522952,61.2694212665082,102
Florida St.,ACC,7.661294500018215,-0.9269784225385084,61.77062711189072,100
South Carolina,SEC,7.7473728372169575,-1.582971057673905,58.70932556159068,117
Belmont,MVC,7.621722349150076,-0.2246803352766962,65.09227101935308,86
Pittsburgh,ACC,7.556160632305279,-1.7986076408791742,57.51829638408155,122
Tulsa,Amer,7.2575583913626645,0.4236667946609548,67.88302938822179,74
New Mexico,MWC,6.32619784447607,-0.5510027349796096,62.44316330188,97
Richmond,A10,6.447202479078783,0.067861399537509,65.50136681634723,82
Nevada,MWC,6.295005438152515,-0.8285667222031787,61.09096385401237,105
UC Irvine,BW,5.59831716285268,-2.363566738134049,53.17183106678486,145
UC San Diego,BW,6.0776638359811415,0.357316199188339,66.57313904839766,78
UNC Wilmington,CAA,6.032766851030118,-0.092201478340021,64.38796737130369,88
Wichita St.,Amer,5.699488897820899,-1.935016394975264,55.304197165423744,135
Seattle,WCC,5.524244389134552,-0.9708289393890724,59.76273816986746,110
St. Bonaventure,A10,5.573213698173873,0.7803619731258206,68.1695549231609,73
William & Mary,CAA,5.394754511807221,0.0136251557199039,64.3565991601338,89
UAB,Amer,5.3865375068560155,-1.027922625572995,59.374110448642625,114
Miami OH,MAC,5.509910505654844,0.2785102184161405,65.71888879340058,81
Murray St.,MVC,5.538381425081312,-1.0507469512426626,59.39285901762652,113
Utah,B12,5.537537405894241,-1.1810305711149145,58.769771377993365,116
Maryland,B10,5.237434227721579,-0.624049912541909,61.17797297663108,104
DePaul,BE,5.284081804950404,-1.7589273589852907,55.79581017172244,133
UNLV,MWC,5.241270930286845,-2.969136054191514,49.97849998890822,163
New Mexico St.,CUSA,4.217510320985738,-1.094164880038382,58.07388297846079,119
Cal Baptist,WAC,4.043018162955136,-0.3962400828436201,61.26109482408378,103
Kent St.,MAC,4.066347888370387,-0.2479634520426166,61.98905940159528,99
Bowling Green,MAC,3.8333303511468984,-1.6206929554887055,55.23530540256421,136
Rhode Island,A10,3.8452413077736196,-1.0693469170878742,57.87916191302826,120
Bradley,MVC,3.8218306191313047,-2.3043025909139505,51.95995904794511,151
Columbia,Ivy,3.9424550228816173,0.370428323741928,64.838915638812,87
Wyoming,MWC,3.7841031859494905,-0.784797319442539,59.187032561169104,115
Duquesne,A10,3.6810813694246747,-1.8739972981334132,53.89712278878051,142
Georgia Tech,ACC,3.2758901071536854,-2.2441766521098923,51.78775625115424,152
Middle Tennessee,CUSA,3.4248414075981373,-0.6478128594799086,59.53908771869411,112
Winthrop,BSth,3.4184053499957656,-2.362729250795798,51.34135122286331,156
Drake,MVC,3.0139030008428307,-2.585378885500194,49.9373280702378,164
Davidson,A10,2.9716643310874105,0.1452910358416844,62.946455055814795,94
Siena,MAAC,2.848109565045192,-0.904939619334096,57.82542620862971,121
Boston College,ACC,2.6206368038400996,-3.468489024405451,45.387677317188626,202
Western Kentucky,CUSA,2.732676412492509,-0.2285470339832102,60.959477061145094,106
Stephen F. Austin,Slnd,2.3524882158676377,-1.0003838273414427,56.95239541266166,127
Florida Atlantic,Amer,2.222987473536591,-1.3791014116903022,55.03424522697333,138
UC Santa Barbara,BW,2.080374251278343,-0.915584037191138,57.1284976664665,125
Troy,SB,1.8147045888707964,-2.416046447748301,49.737073268923496,167
Kennesaw St.,CUSA,1.7639323051303393,-1.161679950361154,55.68657564498989,134
Pacific,WCC,1.5650312631433252,-1.365554961259476,54.54526217244185,140
East Tennessee St.,SC,1.379712900466373,-0.8713130270243173,56.750350747466925,128
North Texas,Amer,1.3290911178678613,-0.7058317049254406,57.49827071653384,123
Youngstown St.,Horz,1.3177587685488135,-2.1128819370187166,50.76712001099516,160
Oregon St.,WCC,1.3337233153680472,-3.5452529338458123,43.93798098060433,214
Towson,CAA,1.237634404076374,-0.7993812798692767,56.974411029630474,126
South Dakota St.,Sum,1.1869615938080074,-2.976877795313846,46.52965790592503,195
Southern Illinois,MVC,1.1219833719995052,-1.8934857945402368,51.65044384159561,153
Loyola Marymount,WCC,0.9921056395853185,-1.5956614813782024,52.96388202400208,146
Rutgers,B10,0.7838710222989107,-1.8475102953795424,51.58553851985374,154
Saint Joseph's,A10,0.36805486564689716,-1.5721835368265733,52.55087541460181,147
St. Thomas,Sum,0.2026025676913008,-2.2241941642543708,49.2969234821144,170
Arkansas St.,SB,-0.2117436120579015,-0.7011544363475603,56.223942105354325,131
Oakland,Horz,-0.2720328001629184,-1.1629413211229391,53.96720610910148,141
Massachusetts,MAC,-0.29272247833887377,-2.352418232415324,48.26754949662067,183
Furman,SC,-0.3509785020152947,-2.047467912587882,49.67530175164471,168
Wright St.,Horz,-0.34926501134825116,-3.131010789065652,44.50055533563518,209
Quinnipiac,MAAC,-0.39310253896947245,-0.5593940468611217,56.74852450780754,129
Sam Houston St.,CUSA,-0.41728802206597493,-0.7296077470722597,55.91504428949138,132
Idaho,BSky,-0.49091740989358357,-1.625775343201855,51.5720036198286,155
North Dakota St.,Sum,-0.5182306989539569,-1.7126042475022736,51.134228409498064,159
Iona,MAAC,-0.5613219150070989,-1.8042070913224544,50.660369892174835,162
Hofstra,CAA,-0.5777054782566324,-2.209448189043197,48.71070684286681,175
Cornell,Ivy,-0.699215878541267,-2.0677075428977925,49.285559793085156,172
Temple,Amer,-0.8339315700370094,-3.280846799635777,43.37690855740135,220
Portland St.,BSky,-0.7724609330222449,-1.6263517900899176,51.3323200493401,157
Marist,MAAC,-0.7649962108227726,-1.2039633827467058,53.356391891816216,144
Elon,CAA,-0.8696876903637758,-2.491582192885942,47.117211218942614,188
James Madison,SB,-1.06757893428356,-2.069910207586763,48.96504560951546,174
FIU,CUSA,-1.1005206990915042,-1.3691909402961295,52.28472707017367,150
Robert Morris,Horz,-1.114187806363276,-1.0435661496841169,53.828766565639285,143
Northern Colorado,BSky,-1.296663887755372,-0.3071596558206866,57.19309038992644,124
Montana St.,BSky,-1.3314917522431386,-2.5037954816369488,46.67024108075609,192
Washington St.,WCC,-1.421664652418201,-4.0330254164651205,39.28907881015079,251
South Alabama,SB,-1.4318178485386,-0.440044272797095,56.4445504960588,130
UC Davis,BW,-1.5097282062489086,-1.2794937840855944,52.36885496221216,149
Southern,SWAC,-1.574727524219071,-1.812900670740745,49.766019581017744,166
Colgate,Pat,-1.7569672633322284,-1.4550833059514106,51.32198566700382,158
Charlotte,Amer,-2.106320199351728,-3.4326822704150377,41.580811396461144,230
Rice,Amer,-2.0779876832821316,-3.8660586271627584,39.53437383310781,246
Austin Peay,ASun,-2.0294150819251087,-2.0257549682759968,48.36655688931478,180
Tulane,Amer,-2.171836328157795,-1.6910543138287195,49.84560104077613,165
Abilene Christian,WAC,-2.088782395039928,-1.8295971468394288,49.25366173772815,173
Incarnate Word,Slnd,-2.3172219033540813,-1.9070681154406592,48.69133474652961,176
Ohio,MAC,-2.302227227543426,-3.394232871625974,41.599624481070464,229
Fresno St.,MWC,-2.2175902881728575,-2.449434713886066,46.18424129693446,196
Florida Gulf Coast,ASun,-2.5194043839749156,-2.4494496768856022,45.930181513362584,199
Monmouth,CAA,-2.5010113212437943,-2.955292036629552,43.52920245733092,219
North Alabama,ASun,-2.5119715011584987,-1.7478714039600969,49.28794336321516,171
Toledo,MAC,-2.7055172551862796,-2.6561726736687223,44.7860246819601,207
San Jose St.,MWC,-2.607693836366508,-2.7619423131322147,44.36307516887956,210
Montana,BSky,-2.775886510504705,-3.122342516769628,42.499868104112686,222
UNC Asheville,BSth,-2.7654999753940785,-3.4100570175346734,41.13416897506767,232
Marshall,SB,-2.7510631935050185,-1.9028196104899529,48.346535938175954,181
Charleston,CAA,-2.8105171524346417,-3.2944558785069757,41.64852301270729,227
Lamar,Slnd,-2.8368882608304204,-1.860227025586148,48.477779673647,178
UT Rio Grande Valley,Slnd,-3.0414669893149835,-2.3208025850238423,46.10540503296336,197
Louisiana Tech,CUSA,-3.117433593957344,-2.1180968282784685,47.009821047588325,189
Navy,Pat,-3.2442038377336644,-2.781199086206582,43.73543578449546,216
Texas St.,SB,-3.255305298263224,-3.664350924203753,39.50719232498275,247
Fordham,A10,-3.390844945448194,-3.412137648714811,40.59797747835226,233
Old Dominion,SB,-3.486849106617683,-3.820188272002605,38.567889224742395,254
Lipscomb,ASun,-3.342731044135448,-1.8149486129413168,48.26839261713332,182
UT Arlington,WAC,-3.4958655842103212,-1.7050302949632845,48.66461430546914,177
Idaho St.,BSky,-3.632593789834729,-1.7962158414555742,48.11395008782811,185
Milwaukee,Horz,-3.913439336736616,-2.322823239784585,45.36195351611446,203
Bethune Cookman,SWAC,-3.9085400255870013,-2.82764840809873,42.95447816429588,221
Jacksonville St.,CUSA,-3.8692468300325373,-3.355284973470565,40.46697436975442,234
Mercer,SC,-4.0823475732821635,-0.2908648255010123,54.926671159169864,139
Queens,ASun,-4.325337525602805,-2.5019807327916177,44.159472614531225,213
Illinois Chicago,MVC,-4.059370805050122,-2.9600529214821667,42.19503911856563,224
Tarleton St.,WAC,-4.232987838889414,-1.1350867533580824,50.76697228593086,161
Georgia Southern,SB,-4.481498559023137,-3.334130777028266,40.05279634783456,242
Southeast Missouri St.,OVC,-4.573487949032881,-3.3060656070149825,40.10945370978582,238
Campbell,CAA,-4.658118491504169,-2.1963066758165555,45.33965881196853,204
Weber St.,BSky,-4.720007674520687,-2.428273231278113,44.179450142969245,211
Hampton,CAA,-4.984282170631474,-3.252902446572327,40.01771991335893,243
Vermont,AE,-5.239526022300211,-3.191438343769412,40.09654220389636,239
American,Pat,-5.014112015072797,-2.17065658093431,45.162609378435626,205
Valparaiso,MVC,-4.906366330744774,-1.5016139321390574,48.4493625522814,179
Eastern Michigan,MAC,-4.986551930099338,-1.2790603688946098,49.44504299655521,169
Southern Miss,SB,-5.341951700174789,-2.322488374296883,44.16140446969819,212
Coastal Carolina,SB,-5.0641561984231345,-2.47322341454237,43.675104428291895,217
Nebraska Omaha,Sum,-5.461868238617555,-4.482359218087555,33.74257958103407,298
Texas A&M Corpus Chris,Slnd,-5.187247480863363,-1.996120844001398,45.85068312587781,200
Northern Kentucky,Horz,-5.467404343048514,-1.456168451390075,48.19432466353881,184
Eastern Washington,BSky,-5.6912384263706315,-4.4354019497477015,33.773875024912314,297
New Orleans,Slnd,-5.636338597868928,-3.2860220514942458,39.31077352763063,250
Missouri St.,CUSA,-5.549052366177264,-3.1422590538222344,40.07099793449278,240
Cal Poly,BW,-5.667645465860957,-3.340576271014147,39.023816834133854,252
Chattanooga,SC,-5.879733437343361,-3.4338794495412284,38.39961830999499,258
La Salle,A10,-5.682024208664572,-4.514656906944061,33.403020605374245,301
Harvard,Ivy,-5.842072891198455,-4.193405133752127,34.80298398598581,290
Indiana St.,MVC,-5.714674578275137,-2.3740546719102125,43.60140651059868,218
Brown,Ivy,-5.567805047349722,-4.928377726276613,31.522756385431503,305
Cal St. Northridge,BW,-5.877277573656627,-2.720586276711636,41.809155006564005,226
UTEP,CUSA,-5.7986116913296115,-2.771377901213921,41.63271893878136,228
Northeastern,CAA,-5.963740345347077,-3.39705088236649,38.504856831000254,255
LIU,NEC,-6.193013773696038,-1.778926407671241,46.04185034232308,198
San Diego,WCC,-6.426589405519039,-4.206986509455198,34.24621106210236,293
Eastern Kentucky,ASun,-6.471491996543392,-4.892090508718555,30.935616182493696,309
Western Michigan,MAC,-6.486660265055676,-3.4410135330560285,37.854785569490296,265
Stony Brook,CAA,-6.575572137848383,-1.4429460837869976,47.32492287016897,187
Radford,BSth,-6.508498672638197,-4.678661156303351,31.924046139167753,304
Lindenwood,OVC,-6.5290689973638365,-1.604960201248282,46.59010007307107,193
East Carolina,Amer,-6.649907487508045,-3.962633724210736,35.22557693068437,287
Houston Christian,Slnd,-6.926880977683368,-2.8389837521793195,40.36027679531336,237
Penn,Ivy,-6.963462854083204,-1.865695828202308,44.978981611101354,206
SIU Edwardsville,OVC,-6.6633943197881536,-2.48260544452076,42.28446447152818,223
Southeastern Louisiana,Slnd,-6.683077765311239,-2.8772295450501897,40.3827428581489,235
Wofford,SC,-7.112869624683668,-2.093015188298904,43.76732358580095,215
Dartmouth,Ivy,-7.181364367906454,-3.313571220470316,37.87896920589955,264
Princeton,Ivy,-6.979709174492086,-6.265291963832366,23.94801642053276,339
Northern Arizona,BSky,-7.311426048235859,-1.7099864664104825,45.42999562119749,201
Purdue Fort Wayne,Horz,-7.392849261760048,-3.260592754537901,37.95407965961215,262
Norfolk St.,MEAC,-7.157359622005401,-3.838227590691776,35.39283626462107,285
Tennessee St.,OVC,-7.3928347196681585,-1.886485539406194,44.51833403414933,208
Evansville,MVC,-7.335004090940146,-3.8220544392613016,35.320602230304836,286
South Dakota,Sum,-7.7383349828953385,-2.3511350478595725,42.00790679362566,225
Buffalo,MAC,-7.840219550373959,-0.1478422936597951,52.44750805863613,148
Sacred Heart,MAAC,-8.001909494507174,-3.0622630053631177,38.38897203740241,259
Alabama St.,SWAC,-7.9175863812893965,-2.9985777935738582,38.7641635909042,253
Texas Southern,SWAC,-7.792595246413541,-3.227527865361238,37.775632012325026,267
Utah Tech,WAC,-7.775475865014343,-3.1973128175777425,37.934378822946684,263
Portland,WCC,-7.933702988420521,-2.8109745502477974,39.64679954987804,244
Boston University,Pat,-8.349883689952705,-3.0715279919957568,38.05187848281924,261
Presbyterian,BSth,-7.788584543273714,-3.6750418867438994,35.64118971538447,284
Longwood,BSth,-8.06964329663208,-3.614733742731458,35.69276563564388,282
UNC Greensboro,SC,-8.095251316452234,-5.703577043077824,25.692610431096526,329
Drexel,CAA,-7.898739187310127,-4.575499607898018,31.246917282315305,307
Manhattan,MAAC,-8.669323918753292,-2.9215735110747847,38.49940405934076,256
UC Riverside,BW,-8.394091442478256,-3.229429533140987,37.260365112124774,270
Green Bay,Horz,-8.644194543546377,-3.516854495492441,35.6768369725302,283
Nicholls St.,Slnd,-8.261486263661965,-3.948291250206589,33.93788606683559,295
UTSA,Amer,-8.349832375799934,-3.295617308990008,36.98142547671542,273
Charleston Southern,BSth,-8.313428509064394,-3.445458593850098,36.29625453826145,278
Samford,SC,-8.553050856955807,-3.2412662888040447,37.070049261813345,272
Sacramento St.,BSky,-8.494494077393952,-3.3492019058285574,36.60370826127294,277
Central Arkansas,ASun,-8.281739439593437,-2.663219296868804,40.059754371535874,241
UMBC,AE,-8.66859205254562,-1.1879633061316015,46.78164239925088,190
Delaware,CUSA,-8.637300271802445,-4.642956286504959,30.303142363241147,311
Cal St. Bakersfield,BW,-8.60719457517574,-2.761955300980472,39.31419983859606,249
Appalachian St.,SB,-8.547898561155563,-3.417394604100516,36.23300324153771,279
Wagner,NEC,-8.684660537934704,-3.4797987969061976,35.81980189489624,281
Central Connecticut,NEC,-8.560631041452922,-1.2510657434503054,46.571049386907895,194
Alabama A&M,SWAC,-8.706570408549695,-1.203952188179526,46.67330170997627,191
Jackson St.,SWAC,-8.873864727016283,-3.0296998065307266,37.8107453134876,266
Detroit Mercy,Horz,-9.119926265857288,-3.5534889720483296,35.101483806655985,288
Denver,Sum,-9.927720053098312,-2.7077413297890494,38.461911620169076,257
Grambling St.,SWAC,-9.458650359203645,-3.117366391768804,36.89983375531043,274
USC Upstate,BSth,-9.634519457695816,-3.1270079943161373,36.70577420527643,276
Merrimack,MAAC,-9.651507326860028,-3.475762184567608,35.025445991048954,289
Little Rock,OVC,-9.783695917672915,-4.211574145435205,31.399159744093303,306
Mount St. Mary's,MAAC,-9.781087164170359,-5.136856912798664,26.98119046722961,321
Tennessee Tech,OVC,-9.88322423430796,-3.4980309855938505,34.72406699712649,292
Fairfield,MAAC,-9.917319537468657,-2.462491582441229,39.64224565572984,245
Loyola Chicago,A10,-10.227910873598532,-5.460184879232146,25.060602183513318,333
Ball St.,MAC,-9.949554276344074,-4.611615083003772,29.348549503499946,315
Tennessee Martin,OVC,-10.456688781805298,-0.6131607170047876,48.022776607202005,186
Jacksonville,ASun,-10.538704118224842,-2.658495342266458,38.18299757065385,260
Le Moyne,NEC,-11.354512889338878,-3.4882759764037985,33.53252096827883,299
Pepperdine,WCC,-10.5286168604149,-5.600667731139398,24.136446320828462,337
Northwestern St.,Slnd,-11.035884547766486,-4.207307072606141,30.36577851139441,310
Louisiana,SB,-10.57209737655134,-6.403467137139087,20.264805911044732,347
Central Michigan,MAC,-11.120937078904404,-3.804051808785714,32.22059262157734,302
Western Carolina,SC,-10.952152972539821,-2.676101157272138,37.75095960510257,269
East Texas A&M,Slnd,-10.888831298193367,-1.9549985678095172,41.249023582641904,231
Holy Cross,Pat,-11.2908536460004,-3.443298967892204,33.80095218753128,296
Lehigh,Pat,-11.528296106730593,-5.384294686971865,24.328812154490297,336
Long Beach St.,BW,-11.59795370416056,-5.061312750560242,25.813108305805656,327
Northern Illinois,MAC,-11.920962343974551,-2.880156995265709,35.96087449115221,280
Bellarmine,ASun,-12.321894386567962,-2.6312831600065865,36.81236879182647,275
Bucknell,Pat,-11.647587556679937,-6.283137188894668,19.934566801166838,348
Bryant,AE,-11.290324954455642,-4.306986094118172,29.675480751001686,314
Lafayette,Pat,-11.968490373846038,-5.141690322400033,25.117315902110462,332
Eastern Illinois,OVC,-12.139232296480785,-2.461981563522938,37.774856033452835,268
Morehead St.,OVC,-12.458422930957283,-3.9922590652522727,30.195962101656995,312
Saint Peter's,MAAC,-12.369212837505799,-2.568226633329872,37.073775558330915,271
Oral Roberts,Sum,-13.168053033081904,-4.577179962098212,26.804557461708384,323
UMass Lowell,AE,-13.06201688327377,-4.3585460181023015,27.938226355384792,316
Cleveland St.,Horz,-13.446428755992144,-5.645039655847674,21.469025145541075,345
Southern Indiana,OVC,-13.127037464583282,-4.67108993254028,26.390456710362557,324
Cal St. Fullerton,BW,-13.201031291435342,-4.457630788578372,27.34790285774565,318
Mercyhurst,NEC,-13.166118650832757,-3.930214436229726,29.89680177167717,313
West Georgia,ASun,-13.263663182299041,-1.7193519110078173,40.376216869022144,236
Prairie View A&M,SWAC,-13.544991712314143,-2.8503766004713227,34.736454399863554,291
North Carolina A&T,CAA,-13.47104219477589,-1.885493446737474,39.40802528929338,248
Albany,AE,-13.836689930344676,-4.961930195810689,24.40388468082194,335
Florida A&M,SWAC,-13.83669226647703,-2.9064805647093794,34.2229630093156,294
Loyola MD,Pat,-14.245636491233697,-4.348714093333046,26.98913245470276,320
Rider,MAAC,-14.108804896856796,-3.280691713810732,32.20632704540663,303
Southern Utah,WAC,-14.127851951714092,-4.598635643663783,25.894353478638592,326
Chicago St.,NEC,-14.680942847901633,-4.63914844981188,25.23537240530036,331
Alcorn St.,SWAC,-14.439852797104024,-4.839220299840373,24.482496620195903,334
Howard,MEAC,-14.60447988634246,-3.432256966191292,31.06515549016133,308
Air Force,MWC,-14.652223129056267,-5.853093162488777,19.460410685600102,350
North Florida,ASun,-15.822830178490918,-3.996247985282044,27.34562705438147,319
New Hampshire,AE,-15.369130197428248,-4.7561572468503135,24.097273715258204,338
Stonehill,NEC,-15.504543644194001,-5.812693286852509,18.93614389798589,351
North Dakota,Sum,-15.495118681167455,-4.395549671719708,25.71390652390599,328
New Haven,NEC,-15.417096562031844,-2.78030647611294,33.49573704703951,300
Georgia St.,SB,-15.39020568562428,-6.656493780259496,15.00144774238036,358
Arkansas Pine Bluff,SWAC,-16.140530632973224,-4.03049796147715,26.914654335923988,322
NJIT,AE,-15.729266178033896,-4.293580315774374,26.0039797021878,325
VMI,SC,-16.63669071754019,-4.87535494125837,22.461153388330494,342
Maryland Eastern Shore,MEAC,-15.995195991979543,-4.967395296228625,22.56131054234227,341
UMKC,Sum,-16.09319004754606,-5.775322060262336,18.619300986481136,352
Army,Pat,-16.735007795298998,-4.987411886923226,21.84310895084805,343
IU Indy,Horz,-17.838652349352202,-5.894537935238502,16.580920866866244,356
Saint Francis,NEC,-17.13929462264214,-4.565812977982536,23.5169043352364,340
Maine,AE,-16.46990571443591,-8.60971868160516,4.762095219051563,364
Niagara,MAAC,-17.160068516087378,-4.180535457686831,25.339930012427505,330
South Carolina St.,MEAC,-17.988328578332954,-6.297869683560861,14.528207998960987,359
Stetson,ASun,-18.319791596880094,-5.487813093874967,18.118987100346207,354
North Carolina Central,MEAC,-18.373402234703505,-4.708324993236864,21.797561182135226,344
Canisius,MAAC,-18.609436212458164,-3.3948982808964328,27.873294953976945,317
Binghamton,AE,-18.91430391594028,-5.627158734110134,16.95301434773277,355
Delaware St.,MEAC,-18.557328626063878,-6.060787208384051,15.181938074957007,357
Western Illinois,OVC,-19.827045149166878,-5.172665971056717,18.356062668072248,353
Louisiana Monroe,SB,-19.317409249644996,-4.730962856175901,20.894999306456697,346
Morgan St.,MEAC,-20.36408541745567,-6.097254824808438,13.487272635951228,360
Fairleigh Dickinson,NEC,-20.942441741138722,-4.742521339067912,19.472255259087092,349
The Citadel,SC,-21.94108752435379,-6.056942763418664,12.352738597584985,361
Gardner Webb,BSth,-21.39010962101466,-7.897131764793523,4.025648346918178,365
Coppin St.,MEAC,-23.951504001521002,-6.622837174693662,7.957562964008016,363
Mississippi Valley St.,SWAC,-27.670804879343436,-5.747919864629564,9.00719059134576,362
